country,year,mobility,inequality_controlled,growth_controlled
Australia,1980,0.8074026543012491,0.7309376168980225,0.7638222583476033
Australia,1981,0.7997654476852369,0.7281356244148165,0.7523638784393979
Australia,1982,0.8010986553457307,0.735975912785657,0.7443750510819767
Australia,1983,0.783982995876976,0.7154450766346979,0.7498874742980565
Australia,1984,0.7724665608666579,0.7066720113443372,0.7480349108543984
Australia,1985,0.7613168440866069,0.7029886454351442,0.740939413773328
Australia,1986,0.7513320238777207,0.7027050962738582,0.731346045590613
Australia,1987,0.7265907840052898,0.7027462918342617,0.7055452508151852
Australia,1988,0.7374092621413435,0.7059418312939463,0.7162165940840435
Australia,1989,0.740614264868,0.6957434282230381,0.7295703748298152
Australia,1990,0.7389889574183011,0.6910002104125441,0.7331325665041779
Australia,1991,0.7119003978037972,0.675472583877021,0.7232188388158682
Australia,1992,0.7074251774636535,0.6720359588215665,0.7223628877494551
Australia,1993,0.6982611530177415,0.6662313275360467,0.7194276638653857
Australia,1994,0.6779091073445493,0.6547450954351689,0.7124197462623973
Australia,1995,0.6794412932504272,0.6535694202843181,0.7155475042563972
Australia,1996,0.6908520843201912,0.6639174755402353,0.7156887684185524
Australia,1997,0.6712609923556518,0.6561498623253806,0.7048000090655386
Australia,1998,0.6745878870272153,0.6615643971980215,0.7021854388120863
Australia,1999,0.6487776318025112,0.6533538323783263,0.6860291323649895
Australia,2000,0.6436677944893214,0.6539120664347446,0.6804477186355745
Australia,2001,0.6579801792297209,0.651360465030798,0.697518934913647
Australia,2002,0.6509982516598032,0.6544955179484448,0.6870158585714333
Australia,2003,0.6525889124942009,0.6577870968028167,0.6855329693124909
Australia,2004,0.6461101135017102,0.6586672016369493,0.6786467963313709
Australia,2005,0.6329256228159724,0.6574094874371814,0.6669529868393346
Australia,2006,0.6203963401539909,0.660217498535494,0.650862744864033
Australia,2007,0.6288975937285615,0.6565025496600655,0.6642538209811971
Australia,2008,0.6644558671325212,0.6694487799203359,0.6845006442047669
Australia,2009,0.6382351820329606,0.659947518482057,0.6695266834469891
Australia,2010,0.6312842782623287,0.6548926973549041,0.6684840866791895
Australia,2011,0.6336706105696012,0.6555704587513052,0.6701454800883899
Australia,2012,0.6315351858423099,0.6636134100928172,0.6575711547679909
Australia,2013,0.643343719247614,0.6842222461032593,0.6450927535507414
Australia,2014,0.6365964849180448,0.6771522091708092,0.6466929967304493
Australia,2015,0.6276035736376803,0.669708429692966,0.6462199403888207
Australia,2016,0.629453241029287,0.6672615776902269,0.6505564147814604
Canada,1980,0.720516144267982,0.7106504653760566,0.6576451710756812
Canada,1981,0.7098553571413253,0.7015070737722863,0.6538526170445356
Canada,1982,0.6730545784463345,0.6665469217419719,0.6535111298326531
Canada,1983,0.6762868328576567,0.66558042187323,0.6581032741631697
Canada,1984,0.7120858020733678,0.689171248510517,0.6710378495338141
Canada,1985,0.6985079077091852,0.6761301683340948,0.6699867916040084
Canada,1986,0.6720122494161863,0.657883292565591,0.6616477928555097
Canada,1987,0.6793695120406359,0.665602240905859,0.6613123427026865
Canada,1988,0.6878496010266932,0.6755861690500711,0.6600791123180895
Canada,1989,0.670016153379784,0.6685051191950099,0.6493738486119628
Canada,1990,0.6867972219794162,0.665237980782139,0.6694815298013528
Canada,1991,0.6557585251369751,0.6386022678187464,0.6647663839428929
Canada,1992,0.618265436809866,0.617110454485805,0.6492779732503066
Canada,1993,0.5976068098659764,0.6111217567806321,0.6346996607503161
Canada,1994,0.574990379863688,0.6055553214466297,0.6168106114585933
Canada,1995,0.5876817318688994,0.5980946045023243,0.6381969859825285
Canada,1996,0.56634337602395,0.5861525767948441,0.6292124466078998
Canada,1997,0.572098466585389,0.5966541027669434,0.6237359548826252
Canada,1998,0.5659250773319172,0.5930217174459489,0.6208016317845799
Canada,1999,0.5713362758915387,0.5981589738051201,0.6210563829888607
Canada,2000,0.5801668443628903,0.6147871754802163,0.6126768822179199
Canada,2001,0.5808994899075685,0.608024678691309,0.6203375045833438
Canada,2002,0.5774597740331212,0.6030492366784163,0.6218799655025284
Canada,2003,0.5638863305667481,0.5925233437434285,0.6192257243576378
Canada,2004,0.5693907605344406,0.6011324271425159,0.6156840090736955
Canada,2005,0.5759548144712708,0.6146128533675006,0.6088411422898629
Canada,2006,0.5589062824001069,0.6080984645375167,0.59833795775905
Canada,2007,0.5532735520084628,0.6076871144195016,0.5933780419751793
Canada,2008,0.5569789056509344,0.6009915391098257,0.6040635207499836
Canada,2009,0.5357397292406982,0.5751688514814475,0.6089833061876446
Canada,2010,0.5486704561832203,0.5855222073682297,0.6105685233344352
Denmark,1980,0.8467356889884583,0.7845333008439345,0.7928783072123654
Denmark,1981,0.830162521350901,0.7658653082620169,0.7934607717593178
Denmark,1982,0.8400291159119622,0.7713745461300257,0.7984348104606057
Denmark,1983,0.8357991382896839,0.7640062872558633,0.800786263284761
Denmark,1984,0.8422698553349615,0.7685962248988949,0.802651078716413
Denmark,1985,0.85214169032668,0.7780228415469732,0.8040946501427858
Denmark,1986,0.8674858239830763,0.7946275828765726,0.8053410937508605
Denmark,1987,0.8440763286787645,0.7728798677994465,0.799953779926453
Denmark,1988,0.8342055333303705,0.7633514845135607,0.7992352282068242
Denmark,1989,0.8135546262180212,0.7408031269274424,0.800081559205072
Denmark,1990,0.8112773254884927,0.738814927528697,0.7996789501763293
Denmark,1991,0.7999037263408144,0.7232099216057216,0.8031585166565458
Denmark,1992,0.7968263079210123,0.7201693308042085,0.80294104819762
Denmark,1993,0.7977797829238592,0.7228768420649729,0.8013964893315763
Denmark,1994,0.7865807865381944,0.7087488829564386,0.804059479747451
Denmark,1995,0.7798185154030224,0.7027145155624794,0.8035856676010344
Denmark,1996,0.7844145849996232,0.7073886752987555,0.8033038402353618
Denmark,1997,0.7733195937653536,0.7007870331365973,0.7995397857862339
Denmark,1998,0.7635399555675282,0.692319668239494,0.7981621270862839
Denmark,1999,0.7550464023573442,0.6827412993660256,0.7978104306328976
Denmark,2000,0.7468149446021551,0.6740553397177544,0.7966913125233397
Denmark,2001,0.7443972467226666,0.6743540334943001,0.7954168433120734
Denmark,2002,0.7314083723616974,0.6607240316243231,0.7961218444101722
Denmark,2003,0.7166270758819034,0.6460079423338191,0.7967890291491306
Denmark,2004,0.7488341658291828,0.6820177414554925,0.7943584567652879
Denmark,2005,0.7709639651193647,0.7080290879147632,0.7903388897910164
Denmark,2006,0.7622965693143103,0.7014402176511796,0.7889179589783326
Denmark,2007,0.7430860496147089,0.6898122758978893,0.7836655384834128
Denmark,2008,0.7276150424577069,0.6805553053234589,0.780132665169144
Denmark,2009,0.6922680958131573,0.6447448824016958,0.7883071965252805
Denmark,2010,0.7012921462253088,0.6692860583527546,0.769161631475265
Europe,1933,0.6350744921846846,0.5632025004970334,0.7326009237254065
Europe,1934,0.6560377547592402,0.5839766302047286,0.7325329750496457
Europe,1935,0.6819204373670307,0.5957797768404728,0.7463233675392212
Europe,1936,0.6796392868110336,0.5903624766834338,0.7500411418233779
Europe,1937,0.6934379777591636,0.6012805541649557,0.7527958146405911
Europe,1938,0.7060883416503795,0.6123579800686957,0.7543051155621814
Europe,1939,0.7262702156456545,0.6317595844883169,0.7546774928873239
Europe,1940,0.6799547338974398,0.5887439328910636,0.754487458180007
Europe,1941,0.6682539391606432,0.5784904453490122,0.7542976168399746
Europe,1942,0.6757056012810483,0.5822510502885944,0.7547675398661025
Europe,1943,0.6825872428679938,0.5831412408131535,0.7573044546540394
Europe,1944,0.7079087458305826,0.5895551623433094,0.7722765137128966
Europe,1945,0.6762831873001898,0.5375589516538692,0.7888584297846953
Europe,1946,0.6995067376589809,0.562304918936094,0.7831768343367088
Europe,1947,0.7172148025165817,0.5834091136931154,0.7834503565851472
Europe,1948,0.7584411262984838,0.6314505080045849,0.7803272421583973
Europe,1949,0.7510675885143112,0.6264581550469421,0.7760705334186386
Europe,1950,0.7509009873991757,0.6398600175746181,0.7625033416753797
Europe,1951,0.7769115998025808,0.6674029089055651,0.7584262026851967
Europe,1952,0.7793487117426203,0.6636531559525225,0.7647374963363047
Europe,1953,0.7734867055575507,0.6543284914229309,0.7676270101775333
Europe,1954,0.7789498538172457,0.6651522097683604,0.7632694859261084
Europe,1955,0.7782404109468164,0.6677600236068477,0.7605516527675938
Europe,1956,0.7797226600690622,0.6716089734071709,0.7587985983180117
Europe,1957,0.7898573153033372,0.6824671412270544,0.7578052819560881
Europe,1958,0.7818751345890221,0.6717652672843668,0.7606878329643694
Europe,1959,0.7685990685726799,0.6729509398036764,0.7464855913008266
Europe,1960,0.7831167462051918,0.6939953860239023,0.7382969857466521
Europe,1961,0.8093641215362802,0.722832701619435,0.7348125566675101
Europe,1962,0.8424820960192305,0.7465156135624129,0.7471739760090195
Europe,1963,0.8496437641301937,0.7522443480212067,0.7507916649071136
Europe,1964,0.8565055276600514,0.7600458773187034,0.7510446312085408
Europe,1965,0.8526800699862094,0.756611765945453,0.7488029569932864
Europe,1966,0.8441725433514973,0.7477271733074011,0.745134979089854
Europe,1967,0.8447774661289034,0.7518750816859325,0.7404778499302471
Europe,1968,0.8511833125487271,0.7545441920501237,0.743543558174995
Europe,1969,0.8393565090127695,0.7416815439536271,0.7403848231606681
Europe,1970,0.8986466166389478,0.7986899291927004,0.7498647040579047
Europe,1971,0.9077939465503971,0.8049622665303704,0.7539239933295063
Europe,1972,0.915473524104627,0.8116732515163646,0.7510329056763999
Europe,1973,0.9211690935653791,0.8220246006691269,0.7373598195125024
Europe,1974,0.93149514602454,0.8308226479000158,0.7346058759633679
Europe,1975,0.9222491571548402,0.8133762386181174,0.7400420707185451
Europe,1976,0.8974913392121588,0.7809773883822823,0.753469052995897
Europe,1977,0.8995649314844385,0.7733116203793369,0.7657291417950842
Europe,1978,0.89409415768816,0.7619781274902337,0.7676399535456088
Europe,1979,0.8955824816359816,0.7609439529050088,0.7700500663647276
Europe,1980,0.8817826981625224,0.7825905116919533,0.80640946722942
Europe,1981,0.8710858240543724,0.7673494492149908,0.8105601483597062
Europe,1982,0.8745363971054477,0.7654566179825153,0.8167443898232264
Europe,1983,0.8724025601933076,0.7638814787456069,0.8166745752447468
Europe,1984,0.868007111607825,0.7601583869984493,0.8152806894125625
Europe,1985,0.8667805994479891,0.7604337879380381,0.8149069698207899
Europe,1986,0.8686096510398297,0.7627162990298698,0.8145788260667791
Europe,1987,0.8548597303968952,0.756088628310127,0.8056651194451808
Europe,1988,0.8542878420009601,0.7567987000391865,0.8046320202199141
Europe,1989,0.829545303648389,0.7542724735354994,0.7845287621279097
Europe,1990,0.7994210660298098,0.7307709280024263,0.7656006544056048
Europe,1991,0.7772959833521272,0.71595574781661,0.7596489699692395
Europe,1992,0.7688677735705041,0.7095251499816113,0.7591812794057419
Europe,1993,0.7556839110689975,0.700976579835265,0.7653170057645312
Europe,1994,0.7474472212350926,0.6991140750469212,0.7599580744550384
Europe,1995,0.7484687513273746,0.6996056509695028,0.7603094918095253
Europe,1996,0.7426601309076694,0.7019241059538981,0.7523728251621308
Europe,1997,0.7366639942996543,0.704196084044819,0.7442924067804468
Europe,1998,0.7312413567916495,0.7035718886494365,0.7392341645992889
Europe,1999,0.7085191993263482,0.698336515854222,0.7221833360388416
Europe,2000,0.6988678968812917,0.6949511218230534,0.7151898830824996
Europe,2001,0.70920238208606,0.6936458041547656,0.7278119970825375
Europe,2002,0.6967732739882586,0.6836913511820127,0.7263319275227827
Europe,2003,0.6816172952941052,0.6732894228778016,0.7224537064384199
Europe,2004,0.6777709542563004,0.6805171236566746,0.7121313591950452
Europe,2005,0.6769597235296517,0.6913734326415738,0.7016312283324613
Europe,2006,0.6883158826115978,0.6928058102809503,0.71102481908277
Europe,2007,0.684227145984484,0.6953657192617793,0.7029969163812568
Europe,2008,0.6773673267991932,0.6873626235064556,0.7064182843978631
Europe,2009,0.6476862402201008,0.6548507566408993,0.7177476013839638
Europe,2010,0.6550395569920213,0.6573677893208903,0.7111632023353538
Europe,2011,0.6462685733624287,0.6585368108436227,0.6938236315282932
Europe,2012,0.614010153252341,0.6381459727727953,0.6656935798520461
Europe,2013,0.6065209682385581,0.6341707343419901,0.661509765430147
Europe,2014,0.5855459484210068,0.6325625545008818,0.6481068196333496
Finland,1980,0.9150127360122976,0.8385561481507444,0.8509696882024171
Finland,1981,0.9087375251155208,0.820404625600816,0.8608533341202699
Finland,1982,0.9162500045284304,0.8204574362833832,0.8713454738071567
Finland,1983,0.9216681231611472,0.8269112978607636,0.8728096901585154
Finland,1984,0.899648462541526,0.8139588535108199,0.8577724579447532
Finland,1985,0.898998565145714,0.8106621639641228,0.8598804623155032
Finland,1986,0.903712507473044,0.8128004772699766,0.8641871580126783
Finland,1987,0.8768554460593143,0.8095325647763099,0.8358840035167605
Finland,1988,0.8885924099361315,0.8223966952257622,0.8396766732817447
Finland,1989,0.8906639852761014,0.8183510050401869,0.845833488688293
Finland,1990,,,
Finland,1991,,,
Finland,1992,,,
Finland,1993,0.7780283576918694,0.7048950221591903,0.8231084314633026
Finland,1994,0.787476298343186,0.7197332518145751,0.8212472278513132
Finland,1995,0.7775348309054342,0.7215047641758274,0.8102958934213694
Finland,1996,0.7890310149193775,0.7289652165129262,0.8150266919478435
Finland,1997,0.7807126543387382,0.7438799341651777,0.7941015804023843
Finland,1998,0.7631292207492062,0.7467927930446591,0.7742894819168533
Finland,1999,0.6918185857897728,0.7324681861802814,0.7185784311889685
Finland,2000,0.696194693087679,0.7242998961198035,0.7280179554520232
Finland,2001,0.7185278444928518,0.7296356818709897,0.7459951961235731
Finland,2002,0.7020965979162317,0.7136679446088761,0.7455288064149315
Finland,2003,0.6709273734071919,0.6913757660123441,0.7376181327056841
Finland,2004,0.6360418128928051,0.6863319985367948,0.7099364228893886
Finland,2005,0.6835084955037234,0.7030566683590233,0.7459907973068041
Finland,2006,0.6750443717446492,0.7186042508838177,0.7209140033800921
Finland,2007,0.6951771531065122,0.7349764662480599,0.7227712341107897
Finland,2008,0.6739183992562626,0.7269523244705087,0.7115115683197126
Finland,2009,0.6384934662143353,0.6749939720102782,0.7391903609316761
France,1945,0.6189123039316944,0.4732324041149127,0.79394284540272
France,1946,0.6543845177012124,0.5139376685384637,0.7802205309415011
France,1947,0.6465546189619188,0.5147221351204385,0.772701400081026
France,1948,0.7077125012320732,0.5815509139916161,0.7712510129986476
France,1949,0.7154095412212906,0.5838074281857982,0.7752463537319896
France,1950,0.731646220593505,0.6100896108901537,0.7668935112506622
France,1951,0.7285561866361862,0.6197824438508546,0.754885136204299
France,1952,0.7317524687560895,0.6172120466523289,0.7596654046532296
France,1953,0.7321880719588734,0.6060836688210476,0.7694235222067478
France,1954,0.7308091511900168,0.6200310256426558,0.7559543064251489
France,1955,0.7181857087927015,0.6181706814980935,0.7457840505323663
France,1956,0.7207685993648472,0.6259748940023537,0.7411957116834901
France,1957,0.745326119740603,0.6493827825031916,0.7415668863802186
France,1958,0.7341593656692862,0.6307433630386342,0.7491263206331072
France,1959,0.7098083371912011,0.6312981843080516,0.7248959373938205
France,1960,0.7395953903215977,0.6719344927041453,0.7108638419442335
France,1961,0.7616954591253292,0.6988375138543867,0.7039475033718078
France,1962,0.8083242096255336,0.727327159254811,0.7262743475689541
France,1963,0.8168599431698802,0.7332725430983328,0.7326928970022898
France,1964,0.8351615914947234,0.7550661043853499,0.7323912724771826
France,1965,0.8296461903916601,0.750543411303447,0.7325069958482027
France,1966,0.8199865530508501,0.7409921673732104,0.7260984319093862
France,1967,0.8340583755745703,0.7556134286405763,0.725796867569289
France,1968,0.8444359630083385,0.7575044038462313,0.7341549508600222
France,1969,0.8220829470386805,0.7355263083810641,0.7254989058371513
France,1970,0.907822633923369,0.8217478473770823,0.7381299324116617
France,1971,0.9125933749796344,0.8273517187774839,0.7366406764547198
France,1972,0.9239827014554095,0.8394523080130445,0.7245057367687793
France,1973,0.9382104651850384,0.8653964463673149,0.6926206486340257
France,1974,0.95644863664926,0.8850278661945812,0.6835758270319201
France,1975,0.9310779723190672,0.8474945035414914,0.6896267944362207
France,1976,0.8960159831645309,0.8060557420809562,0.7087095379570235
France,1977,0.9116335725526461,0.8112021462460426,0.7288751919596242
France,1978,0.8996891935149374,0.7943619868997436,0.7272014047913582
France,1979,0.8912117539023285,0.785884799942848,0.7263774448565771
France,1980,0.8757242671249057,0.765475768919933,0.7335729060788025
France,1981,0.8648471242595478,0.7547825768071199,0.7366649166768867
France,1982,0.8710021368086277,0.7514054367321418,0.7494333599702022
France,1983,0.8606321543670612,0.7445898744634577,0.7446073355932102
France,1984,0.8497624138430779,0.7348057721438174,0.7457087466492879
France,1985,0.8377674163854746,0.7274366576410127,0.7428840429481061
France,1986,0.8238332718474765,0.7233096931107906,0.7313575019251206
France,1987,0.8082467550745056,0.71670905170711,0.7236752723427813
France,1988,0.8058277724471057,0.7207471028450503,0.7141641840435714
France,1989,0.8093749621112583,0.723509001222312,0.7186572708350186
France,1990,0.7996173530261723,0.7114896622533357,0.7228630758624925
France,1991,0.7927307347242967,0.7001182403438133,0.7300271125811266
France,1992,0.7738276570499044,0.6873230081265579,0.724060040446213
France,1993,0.759673057746362,0.6737716719699649,0.7260916902619993
France,1994,0.745994345954045,0.6632528012822203,0.72499950695061
France,1995,0.740835234900994,0.6576220854374168,0.7266938541436212
France,1996,0.7214539067728388,0.6501836839056789,0.7159152236075164
France,1997,0.713582747703603,0.6474625093038963,0.7113323016312332
France,1998,0.7022382805527625,0.6486613909827132,0.6983910769727464
France,1999,0.6905912674130141,0.6438433199217016,0.6928982057533729
France,2000,0.675396152739281,0.6391037250439776,0.6840125897296678
France,2001,0.6604968764486503,0.6309800884208263,0.6799363247287543
France,2002,0.6474234135213619,0.6204870815895054,0.6813075622798234
France,2003,0.6342908251160689,0.6082296273305461,0.6837132831612995
France,2004,0.6252608591775463,0.6062820933515878,0.6778169659523183
France,2005,0.632144342240371,0.6134069152019206,0.6757187378754834
France,2006,0.6243213890590363,0.6085365279226118,0.6748011301803611
France,2007,0.6062256422905133,0.6070254212040429,0.6601528695595923
France,2008,0.5904815843987192,0.5963412645502605,0.6602366925510861
France,2009,0.578143025364158,0.5766291452414979,0.6771288351884182
France,2010,0.5736576122889143,0.5811305721432869,0.6666411380038441
France,2011,0.5797423075883738,0.5863442017399005,0.6648220856608442
France,2012,0.5709227992014223,0.5797357708887312,0.6683907836041723
France,2013,0.5828687382938931,0.5814659587821418,0.6774696763335301
France,2014,0.5851363890595591,0.581965445579556,0.6786506366169412
Japan,1977,0.9606591093188381,0.9815448925595731,0.843943112547671
Japan,1978,0.9518854717971106,0.9787430717336866,0.8430435061569674
Japan,1979,0.9407814119967118,0.9756947305270756,0.8382020720463127
Japan,1980,0.9427778765684001,0.9758319682872639,0.8400332615383067
Japan,1981,0.9264924010855247,0.964657245298532,0.8435777668503953
Japan,1982,0.9215842974372398,0.9608921294194014,0.8474496166476557
Japan,1983,0.9170908279836472,0.9591471278228978,0.8415900135334828
Japan,1984,0.9170053397071285,0.9601050213101598,0.8391203775304007
Japan,1985,0.909586872493142,0.9576548272453308,0.8315940658374446
Japan,1986,0.8998020247138966,0.954911205321214,0.8252870903928355
Japan,1987,0.8776743962716718,0.9505390422288912,0.8071508609157063
Japan,1988,0.8748732222906632,0.9524498196885053,0.8004066956465801
Japan,1989,0.8603299676237042,0.9493286273772755,0.789667124846507
Japan,1990,0.845318452441447,0.944326717657791,0.7815685099061118
Japan,1991,0.8417118258130412,0.9349611768494455,0.79239817395517
Japan,1992,0.8679796254838983,0.9254795781436954,0.8347914843054385
Japan,1993,0.8463877052480447,0.9148192079472728,0.8236023133527908
Japan,1994,0.8241649484567959,0.9012960344455756,0.8170336924612951
Japan,1995,0.8183812894380937,0.9045354832886594,0.8070972298106183
Japan,1996,0.7956981059865753,0.8916017933729425,0.7999908261615389
Japan,1997,0.7770859983387317,0.8726882206835471,0.8029899777822087
Japan,1998,0.733514048785691,0.8403154438487598,0.7950884195201932
Japan,1999,0.704969338242168,0.8069461745887421,0.7952669516784534
Japan,2000,0.6912047668332277,0.7920917222738089,0.7918262020494056
Japan,2001,0.683358061337668,0.7803781346536177,0.7877267363534755
Japan,2002,0.6500950648799766,0.7566302644597991,0.7756412986483683
Japan,2003,0.6397592478764762,0.7382759802383098,0.7752970742344834
Japan,2004,0.600136576523729,0.7541541824214474,0.7397205914054605
Japan,2005,0.5959188851013993,0.7496995647547696,0.738221505707935
Japan,2006,0.5814203070088281,0.7457122955832883,0.7296323416812869
Japan,2007,0.576479923060958,0.7415997871956574,0.7277182263577514
Japan,2008,0.566800666214754,0.7167341644832814,0.7374252110941106
Japan,2009,0.5416741828442524,0.6627052029752623,0.7519435954464005
Japan,2010,0.545357571286209,0.6737615863007395,0.7480268459593491
Norway,1980,0.8822616320979362,0.805217993944958,0.8339220007584359
Norway,1981,0.8798215173170083,0.7960616345412048,0.837915400578344
Norway,1982,0.8737104709187784,0.7855971327629341,0.8403409988714172
Norway,1983,0.8762398683404402,0.7860056229855215,0.8441157728954323
Norway,1984,0.8833889738573327,0.7895885945194512,0.8476088954830012
Norway,1985,0.8910324795517961,0.8002756284781046,0.84706054084035
Norway,1986,0.8882354955372279,0.7921213511783487,0.8514975543659213
Norway,1987,0.8829039953671349,0.7856777911794136,0.8514961298883801
Norway,1988,0.8784404072257747,0.7782469580584153,0.8545762746745263
Norway,1989,0.8768274079645454,0.7680569073556338,0.8612918583079638
Norway,1990,0.8672506428939115,0.758232506645063,0.8592353648136628
Norway,1991,0.8574688069903226,0.7476628455257732,0.8587190122529217
Norway,1992,0.8559403782629487,0.75549576660302,0.8501560499978681
Norway,1993,0.8305210921914409,0.7502364360971889,0.8294027375693407
Norway,1994,0.8238519585495424,0.7573207595348248,0.8157206001533912
Norway,1995,0.8223092670927237,0.756118621878986,0.8152164888838984
Norway,1996,0.818673015877925,0.7619272980035194,0.805715980979272
Norway,1997,0.8098367826955402,0.766963090507141,0.7912062600672709
Norway,1998,0.8204096954303612,0.7653053798741198,0.8039313086754565
Norway,1999,0.8102251562034526,0.7585210102692177,0.8005895017657805
Norway,2000,0.7882270111062988,0.761493959950141,0.7748657124244291
Norway,2001,0.8226788467426064,0.7567851469791895,0.814869274785677
Norway,2002,0.793824778119449,0.7505030161000399,0.7922991009789726
Norway,2003,0.7709809617221083,0.7403661565293431,0.7804760563551627
Norway,2004,0.7466497244897549,0.7399623231916339,0.7568926023548145
Norway,2005,0.6964845647352265,0.7493688996458782,0.6961379648417044
Norway,2006,0.7943730684017809,0.745008464777349,0.798699779321185
Norway,2007,0.7872570413043108,0.7456328324786363,0.790923095420351
Norway,2008,0.8004092443817001,0.7420322596665139,0.8082419158701617
Norway,2009,0.7739783578844563,0.7182458736671524,0.8094079245506984
Norway,2010,0.7376161309365625,0.7021503670360177,0.7946091186450343
Norway,2011,0.7257127569182824,0.6978403457040759,0.7891913048570831
Sweden,1933,0.6350744921846846,0.5632025004970334,0.7326009237254065
Sweden,1934,0.6560377547592402,0.5839766302047286,0.7325329750496457
Sweden,1935,0.6819204373670307,0.5957797768404728,0.7463233675392212
Sweden,1936,0.6796392868110336,0.5903624766834338,0.7500411418233779
Sweden,1937,0.6934379777591636,0.6012805541649557,0.7527958146405911
Sweden,1938,0.7060883416503795,0.6123579800686957,0.7543051155621814
Sweden,1939,0.7262702156456545,0.6317595844883169,0.7546774928873239
Sweden,1940,0.6799547338974398,0.5887439328910636,0.754487458180007
Sweden,1941,0.6682539391606432,0.5784904453490122,0.7542976168399746
Sweden,1942,0.6757056012810483,0.5822510502885944,0.7547675398661025
Sweden,1943,0.6825872428679938,0.5831412408131535,0.7573044546540394
Sweden,1944,0.7079087458305826,0.5895551623433094,0.7722765137128966
Sweden,1945,0.7336540706686853,0.6018854991928257,0.7837740141666707
Sweden,1946,0.7446289576167493,0.6106721693337245,0.7861331377319165
Sweden,1947,0.7878749860712444,0.6520960922657923,0.7941993130892684
Sweden,1948,0.8091697513648944,0.6813501020175537,0.7894034713181471
Sweden,1949,0.7867256358073318,0.6691088819080862,0.7768947131052878
Sweden,1950,0.7701557542048463,0.6696304242590824,0.7581131721000971
Sweden,1951,0.8252670129689756,0.7150233739602756,0.7619672691660945
Sweden,1952,0.8269449547291512,0.7100942652527162,0.7698095880193798
Sweden,1953,0.8147853391562281,0.7025733140248143,0.7658304981483189
Sweden,1954,0.8270905564444746,0.7102733938940651,0.770584665427068
Sweden,1955,0.8382951131009313,0.7173493657156018,0.7753192550028214
Sweden,1956,0.8386767207732773,0.717243052811988,0.7764014849525332
Sweden,1957,0.8343885108660714,0.7155514999509172,0.7740436775319575
Sweden,1958,0.8295909035087581,0.7127871715300993,0.7722493452956314
Sweden,1959,0.8273897999541587,0.7146036952993011,0.7680752452078325
Sweden,1960,0.826638102088786,0.7160562793436593,0.7657301295490708
Sweden,1961,0.8570327839472313,0.7468278893844833,0.7656776099632123
Sweden,1962,0.8766399824129275,0.7657040678700149,0.7680736044490847
Sweden,1963,0.8824275850905071,0.7712161529440806,0.7688904328119373
Sweden,1964,0.8778494638253794,0.7650256502520569,0.769697989939899
Sweden,1965,0.8757139495807587,0.7626801205874589,0.76509891813837
Sweden,1966,0.8683585336521443,0.754462179241592,0.7641715262703219
Sweden,1967,0.8554965566832365,0.7481367347312888,0.7551588322912052
Sweden,1968,0.857930662089116,0.751583980254016,0.7529321654899677
Sweden,1969,0.8566300709868584,0.74783677952619,0.755270740484185
Sweden,1970,0.8894705993545267,0.7756320110083186,0.7615994757041479
Sweden,1971,0.9029945181211598,0.7825728142832569,0.7712073102042928
Sweden,1972,0.9069643467538446,0.7838941950196847,0.7775600745840205
Sweden,1973,0.9041277219457198,0.7786527549709388,0.7820989903909792
Sweden,1974,0.9065416553998198,0.7766174296054503,0.7856359248948157
Sweden,1975,0.9134203419906133,0.7792579736947434,0.7904573470008696
Sweden,1976,0.8989666952597867,0.7558990346836083,0.7982285680347705
Sweden,1977,0.8874962904162309,0.735421094512631,0.8025830916305442
Sweden,1978,0.8884991218613827,0.7295942680807238,0.8080785022998593
Sweden,1979,0.8999532093696347,0.7360031058671697,0.8137226878728783
Sweden,1980,0.8891791665890137,0.7191693466001967,0.8207044338950786
Sweden,1981,0.871860432228884,0.6996331008637964,0.8239063186637137
Sweden,1982,0.8716902573594396,0.6984485380040919,0.8241673060067494
Sweden,1983,0.8676735168082061,0.6978943111624278,0.821053814291815
Sweden,1984,0.8649658524622269,0.693842489919263,0.8226622682693574
Sweden,1985,0.853962845830281,0.6857716480599767,0.8206151528572045
Sweden,1986,0.8597811563583233,0.6907223907136606,0.8205108222793144
Sweden,1987,0.8622161268047571,0.6956438660883553,0.8173164115515295
Sweden,1988,0.8643730870654174,0.6992512595531435,0.8155077408929037
Sweden,1989,0.8546272580055341,0.6933542085819037,0.812905324400248
Sweden,1990,0.8384410488887635,0.6799717043831807,0.8128292017636262
Sweden,1991,0.780322770701779,0.657806191764912,0.7826868513984313
Sweden,1992,0.7677195091830311,0.6396211045294832,0.795120555675517
Sweden,1993,0.7277879464448698,0.6140202024122914,0.7926756338594155
Sweden,1994,0.7087401316921891,0.6139218913750805,0.7745752517663029
Sweden,1995,0.7329198561668578,0.620189470467902,0.7891830111158593
Sweden,1996,0.7184959575383099,0.6219740256687954,0.7726855648846884
Sweden,1997,0.7140170907383693,0.6235764872949883,0.7649056841784204
Sweden,1998,0.7199604246125906,0.628503069220543,0.7636046248373138
Sweden,1999,0.7011069831867633,0.6279332914424586,0.7461301556775091
Sweden,2000,0.6836978700315901,0.6303783859709653,0.7259022427396231
Sweden,2001,0.7110994036658929,0.6328949968211957,0.7505742136586488
Sweden,2002,0.7151967778548344,0.6291419363508507,0.7608473139635588
Sweden,2003,0.7187922141057962,0.6305084392420487,0.7626502988848998
Sweden,2004,0.7148046027983436,0.6331397051196529,0.7552739541344808
Sweden,2005,0.6821083755587036,0.6265653428100935,0.733793306054911
Sweden,2006,0.6823795077516548,0.6365751042255318,0.7187765386990622
Sweden,2007,0.6954986271015189,0.6549655957052242,0.7028057318468928
Sweden,2008,0.7021698687422289,0.6493731558388398,0.71880586867216
Sweden,2009,0.6536490769642527,0.6203929002957326,0.719995325686551
Sweden,2010,0.6562698967794789,0.6314645756902963,0.7039918767584449
Sweden,2011,0.6699765147492057,0.6395214489754005,0.704142839981287
Sweden,2012,0.6720979222167921,0.637437815400849,0.710022571524755
Sweden,2013,0.6680083480401962,0.6355498586093334,0.7088620809975652
United Kingdom,1989,0.7322235823148728,0.7815605920855175,0.6684030713308631
United Kingdom,1990,0.6805189598517084,0.7653458392018548,0.6333966794119132
United Kingdom,1991,0.6560538780034234,0.7509815398428298,0.6236533569571721
United Kingdom,1992,0.6500250154356235,0.7450165398447866,0.6236287027114912
United Kingdom,1993,0.6403132294155832,0.7400593043079813,0.6192270521015524
United Kingdom,1994,0.6320398063333982,0.7317068633183881,0.6191463802611621
United Kingdom,1995,0.6373948034952155,0.7394844482944049,0.6168820356913687
United Kingdom,1996,0.6238923053379414,0.7411057363337132,0.601589649318102
United Kingdom,1997,0.6285150965563218,0.7425074498611139,0.6046688286171383
United Kingdom,1998,0.6181705638374478,0.7398490305350907,0.5970263681070789
United Kingdom,1999,0.6023268010077412,0.744511987945647,0.5770932912145208
United Kingdom,2000,0.6028767097207453,0.7403754241356781,0.5816494856259147
United Kingdom,2001,0.5980140744436926,0.7372248773420931,0.5800801298864988
United Kingdom,2002,0.5906897041559777,0.7276240968184808,0.5818869370892382
United Kingdom,2003,0.5780853215315619,0.7232486058187082,0.5734754383743427
United Kingdom,2004,0.5950345603501697,0.735368880284886,0.5785097530739814
United Kingdom,2005,0.5965485980205213,0.7478136819177646,0.5678076741248483
United Kingdom,2006,0.5914803893981555,0.7466702962252127,0.5640395039375873
United Kingdom,2007,0.5781183624893391,0.7397817240368234,0.557663028866503
United Kingdom,2008,0.5696098215585409,0.7289214311891521,0.5595809958049138
United Kingdom,2009,0.5495854190802453,0.6940977662290387,0.5724559654211586
United Kingdom,2010,0.6063619987298422,0.7028073733820964,0.621412246794181
United Kingdom,2011,0.6096427141938532,0.7104412469551138,0.6171382956139584
United Kingdom,2012,0.5990097383388086,0.6972643320288054,0.618667384427211
United Kingdom,2013,0.5686858183815849,0.6854963856344952,0.5981975389593456
United Kingdom,2014,0.5859555077824546,0.6831596634222077,0.6175630026497579
United States,1947,0.7698140736732725,0.7011182598791555,0.7771172650455962
United States,1948,0.7486944559715544,0.6885151263674407,0.7682757519431914
United States,1949,0.7585022557323817,0.6946077330958054,0.772078578412374
United States,1950,0.7851865690989623,0.7383946545279986,0.7562575071905087
United States,1951,0.8464318989403695,0.7753567868079341,0.7910475529851488
United States,1952,0.8453370525763954,0.7624514133206841,0.8021391859218345
United States,1953,0.8237514271491231,0.7357342104939049,0.8006945060111152
United States,1954,0.8168483091644607,0.7279853592185239,0.8014054392743855
United States,1955,0.8375308676877995,0.7490606374034757,0.8069640650501664
United States,1956,0.8326065203803629,0.7406493191355241,0.8081295508153901
United States,1957,0.8432761204100324,0.7466880148307768,0.815341460570247
United States,1958,0.8411156658513204,0.7378974856616711,0.8210036291310452
United States,1959,0.8336859204201069,0.7429495966132522,0.8079558181111687
United States,1960,0.8599536681759872,0.7832475573056827,0.800491932494894
United States,1961,0.8836630380340902,0.8195510380168474,0.7968357669954129
United States,1962,0.9331387065531895,0.8723331471559035,0.8224891116537886
United States,1963,0.9414064994571055,0.8862770888190457,0.8198041892686656
United States,1964,0.9332310623614516,0.8728640606453644,0.8203493301502847
United States,1965,0.9273117799491095,0.8634271241982931,0.8166180382662147
United States,1966,0.9206484224543909,0.8506205019461466,0.8245137989443585
United States,1967,0.9099757177830714,0.8405987677574356,0.8122614735502488
United States,1968,0.9252093153029882,0.863763365356365,0.8113591591255436
United States,1969,0.9220409119058832,0.8520597521340483,0.8227073420759541
United States,1970,0.9080975206542719,0.8271627521051267,0.8252084778448674
United States,1971,0.8709996649407441,0.7828099076977251,0.8115715151047121
United States,1972,0.8205271303271263,0.7418613177940501,0.7878774996914374
United States,1973,0.7780223711031603,0.708261032840872,0.7787562141115372
United States,1974,0.7465745939446564,0.6848875071436538,0.774103905755858
United States,1975,0.7585560389858863,0.6861574869107864,0.7831038166616829
United States,1976,0.8254072093989071,0.7419363998113895,0.7934701150779744
United States,1977,0.8375129203215772,0.7617496607593688,0.7832438648456069
United States,1978,0.8337468136406332,0.757724368671022,0.784312186307721
United States,1979,0.8387759911896135,0.7695793749890156,0.7765694378105099
United States,1980,0.8005368594517875,0.7333243099624348,0.7753592480522518
United States,1981,0.7756053853881303,0.7156404747221025,0.7683201853158927
United States,1982,0.7312283435097869,0.6943390560585994,0.7479596996534651
United States,1983,0.7063929676557441,0.6903973560622244,0.7283685682381377
United States,1984,0.7480360739788192,0.7210879433863285,0.7342270640835425
United States,1985,0.722004092784377,0.7045176812879367,0.7270332018886996
United States,1986,0.6802304913717688,0.7026318537455114,0.687568540515189
United States,1987,0.7185677024341711,0.712000929164383,0.7149856709121963
United States,1988,0.7172128918385008,0.7353054995873826,0.6865739360909004
United States,1989,0.7097427021736596,0.718518644372987,0.6987375413877949
United States,1990,0.6999788424674437,0.7119799123097523,0.6964393293404406
United States,1991,0.6979946538565267,0.7005712049107464,0.7075351459188558
United States,1992,0.6455542144454278,0.6893029502619058,0.6691532059369506
United States,1993,0.6386139080893576,0.681579273650199,0.6714892154873493
United States,1994,0.6353975699436138,0.6788226639944166,0.6715705232855598
United States,1995,0.610591888595637,0.6680906358319865,0.6594760757643162
United States,1996,0.5843228412085966,0.6627695297771085,0.6390161311319241
United States,1997,0.5827771753746709,0.6715317610721132,0.6263402908240053
United States,1998,0.5745693322493497,0.6748662751261492,0.6139035793721039
United States,1999,0.5605596987407392,0.6816284090359837,0.5920720980625411
United States,2000,0.5637096702087981,0.7019598451196463,0.5717424378652278
United States,2001,0.5981107645120748,0.6972088050617103,0.6119946053822841
United States,2002,0.5949728705466184,0.6824837729773805,0.626405222651701
United States,2003,0.5724820006464806,0.6721005001290253,0.6159169845287105
United States,2004,0.5724163200511823,0.6950280375742786,0.5886043463541146
United States,2005,0.5715668707571863,0.7168830372564035,0.5624467897002082
United States,2006,0.5557502002665249,0.7129468358009534,0.5512100542436319
United States,2007,0.5322593246206979,0.6993409298554526,0.5429150642023396
United States,2008,0.5369889214290141,0.680354745565847,0.5692909270051251
United States,2009,0.5439161676597992,0.6617081500037741,0.5978836379268694
United States,2010,0.5522830075389654,0.6829718606358276,0.5815311532560268
