year,rate,income
1862,0.03,600.00
1862,0.05,10000.00
1863,0.03,600.00
1863,0.05,10000.00
1864,0.05,600.00
1864,0.08,5000.00
1864,0.1,10000.00
1865,0.05,600.00
1865,0.08,5000.00
1865,0.1,10000.00
1866,0.05,600.00
1866,0.08,5000.00
1866,0.1,10000.00
1867,0.05,1000.00
1868,0.05,1000.00
1869,0.05,1000.00
1870,0.03,2000.00
1871,0.03,2000.00
1872,0.03,2000.00
1873,,
1874,,
1875,,
1876,,
1877,,
1878,,
1879,,
1880,,
1881,,
1882,,
1883,,
1884,,
1885,,
1886,,
1887,,
1888,,
1889,,
1890,,
1891,,
1892,,
1893,,
1894,0.02,4000.00
1895,,
1896,,
1897,,
1898,,
1899,,
1900,,
1901,,
1902,,
1903,,
1904,,
1905,,
1906,,
1907,,
1908,,
1909,,
1910,,
1911,,
1912,,
1913,0.01,
1913,0.02,20000.00
1913,0.03,50000.00
1913,0.04,75000.00
1913,0.05,100000.00
1913,0.06,250000.00
1913,0.07,500000.00
1914,0.01,
1914,0.02,20000.00
1914,0.03,50000.00
1914,0.04,75000.00
1914,0.05,100000.00
1914,0.06,250000.00
1914,0.07,500000.00
1915,0.01,
1915,0.02,20000.00
1915,0.03,50000.00
1915,0.04,75000.00
1915,0.05,100000.00
1915,0.06,250000.00
1915,0.07,500000.00
1916,0.02,
1916,0.03,20000.00
1916,0.04,40000.00
1916,0.05,60000.00
1916,0.06,80000.00
1916,0.07,100000.00
1916,0.08,150000.00
1916,0.09,200000.00
1916,0.1,250000.00
1916,0.11,300000.00
1916,0.12,500000.00
1916,0.13,1000000.00
1916,0.14,1500000.00
1916,0.15,2000000.00
1917,0.02,
1917,0.04,2000.00
1917,0.05,5000.00
1917,0.06,7500.00
1917,0.07,10000.00
1917,0.08,12500.00
1917,0.09,15000.00
1917,0.12,20000.00
1917,0.16,40000.00
1917,0.21,60000.00
1917,0.26,80000.00
1917,0.31,100000.00
1917,0.35,150000.00
1917,0.41,200000.00
1917,0.46,250000.00
1917,0.5,300000.00
1917,0.54,500000.00
1917,0.59,750000.00
1917,0.65,1000000.00
1917,0.66,1500000.00
1917,0.67,2000000.00
1918,0.06,
1918,0.12,4000.00
1918,0.13,5000.00
1918,0.14,6000.00
1918,0.15,8000.00
1918,0.16,10000.00
1918,0.17,12000.00
1918,0.18,14000.00
1918,0.19,16000.00
1918,0.2,18000.00
1918,0.21,20000.00
1918,0.22,22000.00
1918,0.23,24000.00
1918,0.24,26000.00
1918,0.25,28000.00
1918,0.26,30000.00
1918,0.27,32000.00
1918,0.28,34000.00
1918,0.29,36000.00
1918,0.3,38000.00
1918,0.31,40000.00
1918,0.32,42000.00
1918,0.33,44000.00
1918,0.34,46000.00
1918,0.35,48000.00
1918,0.36,50000.00
1918,0.37,52000.00
1918,0.38,54000.00
1918,0.39,56000.00
1918,0.4,58000.00
1918,0.41,60000.00
1918,0.42,62000.00
1918,0.43,64000.00
1918,0.44,66000.00
1918,0.45,68000.00
1918,0.46,70000.00
1918,0.47,72000.00
1918,0.48,74000.00
1918,0.49,76000.00
1918,0.5,78000.00
1918,0.51,80000.00
1918,0.52,82000.00
1918,0.53,84000.00
1918,0.54,86000.00
1918,0.55,88000.00
1918,0.56,90000.00
1918,0.57,92000.00
1918,0.58,94000.00
1918,0.59,96000.00
1918,0.6,98000.00
1918,0.64,100000.00
1918,0.68,150000.00
1918,0.72,200000.00
1918,0.75,300000.00
1918,0.76,500000.00
1918,0.77,1000000.00
1919,0.04,
1919,0.08,4000.00
1919,0.09,5000.00
1919,0.1,6000.00
1919,0.11,8000.00
1919,0.12,10000.00
1919,0.13,12000.00
1919,0.14,14000.00
1919,0.15,16000.00
1919,0.16,18000.00
1919,0.17,20000.00
1919,0.18,22000.00
1919,0.19,24000.00
1919,0.2,26000.00
1919,0.21,28000.00
1919,0.22,30000.00
1919,0.23,32000.00
1919,0.24,34000.00
1919,0.25,36000.00
1919,0.26,38000.00
1919,0.27,40000.00
1919,0.28,42000.00
1919,0.29,44000.00
1919,0.3,46000.00
1919,0.31,48000.00
1919,0.32,50000.00
1919,0.33,52000.00
1919,0.34,54000.00
1919,0.35,56000.00
1919,0.36,58000.00
1919,0.37,60000.00
1919,0.38,62000.00
1919,0.39,64000.00
1919,0.4,66000.00
1919,0.41,68000.00
1919,0.42,70000.00
1919,0.43,72000.00
1919,0.44,74000.00
1919,0.45,76000.00
1919,0.46,78000.00
1919,0.47,80000.00
1919,0.48,82000.00
1919,0.49,84000.00
1919,0.5,86000.00
1919,0.51,88000.00
1919,0.52,90000.00
1919,0.53,92000.00
1919,0.54,94000.00
1919,0.55,96000.00
1919,0.56,98000.00
1919,0.6,100000.00
1919,0.64,150000.00
1919,0.68,200000.00
1919,0.71,300000.00
1919,0.72,500000.00
1919,0.73,1000000.00
1920,0.04,
1920,0.08,4000.00
1920,0.09,5000.00
1920,0.1,6000.00
1920,0.11,8000.00
1920,0.12,10000.00
1920,0.13,12000.00
1920,0.14,14000.00
1920,0.15,16000.00
1920,0.16,18000.00
1920,0.17,20000.00
1920,0.18,22000.00
1920,0.19,24000.00
1920,0.2,26000.00
1920,0.21,28000.00
1920,0.22,30000.00
1920,0.23,32000.00
1920,0.24,34000.00
1920,0.25,36000.00
1920,0.26,38000.00
1920,0.27,40000.00
1920,0.28,42000.00
1920,0.29,44000.00
1920,0.3,46000.00
1920,0.31,48000.00
1920,0.32,50000.00
1920,0.33,52000.00
1920,0.34,54000.00
1920,0.35,56000.00
1920,0.36,58000.00
1920,0.37,60000.00
1920,0.38,62000.00
1920,0.39,64000.00
1920,0.4,66000.00
1920,0.41,68000.00
1920,0.42,70000.00
1920,0.43,72000.00
1920,0.44,74000.00
1920,0.45,76000.00
1920,0.46,78000.00
1920,0.47,80000.00
1920,0.48,82000.00
1920,0.49,84000.00
1920,0.5,86000.00
1920,0.51,88000.00
1920,0.52,90000.00
1920,0.53,92000.00
1920,0.54,94000.00
1920,0.55,96000.00
1920,0.56,98000.00
1920,0.6,100000.00
1920,0.64,150000.00
1920,0.68,200000.00
1920,0.71,300000.00
1920,0.72,500000.00
1920,0.73,1000000.00
1921,0.04,
1921,0.08,4000.00
1921,0.09,5000.00
1921,0.1,6000.00
1921,0.11,8000.00
1921,0.12,10000.00
1921,0.13,12000.00
1921,0.14,14000.00
1921,0.15,16000.00
1921,0.16,18000.00
1921,0.17,20000.00
1921,0.18,22000.00
1921,0.19,24000.00
1921,0.2,26000.00
1921,0.21,28000.00
1921,0.22,30000.00
1921,0.23,32000.00
1921,0.24,34000.00
1921,0.25,36000.00
1921,0.26,38000.00
1921,0.27,40000.00
1921,0.28,42000.00
1921,0.29,44000.00
1921,0.3,46000.00
1921,0.31,48000.00
1921,0.32,50000.00
1921,0.33,52000.00
1921,0.34,54000.00
1921,0.35,56000.00
1921,0.36,58000.00
1921,0.37,60000.00
1921,0.38,62000.00
1921,0.39,64000.00
1921,0.4,66000.00
1921,0.41,68000.00
1921,0.42,70000.00
1921,0.43,72000.00
1921,0.44,74000.00
1921,0.45,76000.00
1921,0.46,78000.00
1921,0.47,80000.00
1921,0.48,82000.00
1921,0.49,84000.00
1921,0.5,86000.00
1921,0.51,88000.00
1921,0.52,90000.00
1921,0.53,92000.00
1921,0.54,94000.00
1921,0.55,96000.00
1921,0.56,98000.00
1921,0.6,100000.00
1921,0.64,150000.00
1921,0.68,200000.00
1921,0.71,300000.00
1921,0.72,500000.00
1921,0.73,1000000.00
1922,0.04,
1922,0.08,4000.00
1922,0.09,6000.00
1922,0.1,10000.00
1922,0.11,12000.00
1922,0.12,14000.00
1922,0.13,16000.00
1922,0.14,18000.00
1922,0.16,20000.00
1922,0.17,22000.00
1922,0.18,24000.00
1922,0.19,26000.00
1922,0.2,28000.00
1922,0.21,30000.00
1922,0.23,32000.00
1922,0.24,36000.00
1922,0.25,38000.00
1922,0.26,40000.00
1922,0.27,42000.00
1922,0.28,44000.00
1922,0.29,46000.00
1922,0.3,48000.00
1922,0.31,50000.00
1922,0.32,52000.00
1922,0.33,54000.00
1922,0.34,56000.00
1922,0.35,58000.00
1922,0.36,60000.00
1922,0.37,62000.00
1922,0.38,64000.00
1922,0.39,66000.00
1922,0.4,68000.00
1922,0.41,70000.00
1922,0.42,72000.00
1922,0.43,74000.00
1922,0.44,76000.00
1922,0.45,78000.00
1922,0.46,80000.00
1922,0.47,82000.00
1922,0.48,84000.00
1922,0.49,86000.00
1922,0.5,88000.00
1922,0.51,90000.00
1922,0.52,92000.00
1922,0.53,94000.00
1922,0.54,96000.00
1922,0.55,98000.00
1922,0.56,100000.00
1922,0.57,150000.00
1922,0.58,200000.00
1923,0.04,
1923,0.08,4000.00
1923,0.09,6000.00
1923,0.1,10000.00
1923,0.11,12000.00
1923,0.12,14000.00
1923,0.13,16000.00
1923,0.14,18000.00
1923,0.16,20000.00
1923,0.17,22000.00
1923,0.18,24000.00
1923,0.19,26000.00
1923,0.2,28000.00
1923,0.21,30000.00
1923,0.23,32000.00
1923,0.24,36000.00
1923,0.25,38000.00
1923,0.26,40000.00
1923,0.27,42000.00
1923,0.28,44000.00
1923,0.29,46000.00
1923,0.3,48000.00
1923,0.31,50000.00
1923,0.32,52000.00
1923,0.33,54000.00
1923,0.34,56000.00
1923,0.35,58000.00
1923,0.36,60000.00
1923,0.37,62000.00
1923,0.38,64000.00
1923,0.39,66000.00
1923,0.4,68000.00
1923,0.41,70000.00
1923,0.42,72000.00
1923,0.43,74000.00
1923,0.44,76000.00
1923,0.45,78000.00
1923,0.46,80000.00
1923,0.47,82000.00
1923,0.48,84000.00
1923,0.49,86000.00
1923,0.5,88000.00
1923,0.51,90000.00
1923,0.52,92000.00
1923,0.53,94000.00
1923,0.54,96000.00
1923,0.55,98000.00
1923,0.56,100000.00
1923,0.57,150000.00
1923,0.58,200000.00
1924,0.02,
1924,0.04,4000.00
1924,0.06,8000.00
1924,0.07,10000.00
1924,0.08,14000.00
1924,0.09,16000.00
1924,0.1,18000.00
1924,0.11,20000.00
1924,0.12,22000.00
1924,0.13,24000.00
1924,0.14,26000.00
1924,0.15,28000.00
1924,0.16,30000.00
1924,0.17,34000.00
1924,0.18,36000.00
1924,0.19,38000.00
1924,0.2,42000.00
1924,0.21,44000.00
1924,0.22,46000.00
1924,0.23,48000.00
1924,0.24,50000.00
1924,0.25,52000.00
1924,0.26,56000.00
1924,0.27,58000.00
1924,0.28,62000.00
1924,0.29,64000.00
1924,0.3,66000.00
1924,0.31,68000.00
1924,0.32,70000.00
1924,0.33,74000.00
1924,0.34,76000.00
1924,0.35,80000.00
1924,0.36,82000.00
1924,0.37,84000.00
1924,0.38,88000.00
1924,0.39,90000.00
1924,0.4,92000.00
1924,0.41,94000.00
1924,0.42,96000.00
1924,0.43,100000.00
1924,0.44,200000.00
1924,0.45,300000.00
1924,0.46,500000.00
1925,0.02,
1925,0.03,4000.00
1925,0.05,8000.00
1925,0.06,10000.00
1925,0.07,14000.00
1925,0.08,16000.00
1925,0.09,18000.00
1925,0.1,20000.00
1925,0.11,22000.00
1925,0.12,24000.00
1925,0.13,28000.00
1925,0.14,32000.00
1925,0.15,36000.00
1925,0.16,40000.00
1925,0.17,44000.00
1925,0.18,48000.00
1925,0.19,52000.00
1925,0.2,56000.00
1925,0.21,60000.00
1925,0.22,64000.00
1925,0.23,70000.00
1925,0.24,80000.00
1925,0.25,100000.00
1926,0.02,
1926,0.03,4000.00
1926,0.05,8000.00
1926,0.06,10000.00
1926,0.07,14000.00
1926,0.08,16000.00
1926,0.09,18000.00
1926,0.1,20000.00
1926,0.11,22000.00
1926,0.12,24000.00
1926,0.13,28000.00
1926,0.14,32000.00
1926,0.15,36000.00
1926,0.16,40000.00
1926,0.17,44000.00
1926,0.18,48000.00
1926,0.19,52000.00
1926,0.2,56000.00
1926,0.21,60000.00
1926,0.22,64000.00
1926,0.23,70000.00
1926,0.24,80000.00
1926,0.25,100000.00
1927,0.02,
1927,0.03,4000.00
1927,0.05,8000.00
1927,0.06,10000.00
1927,0.07,14000.00
1927,0.08,16000.00
1927,0.09,18000.00
1927,0.1,20000.00
1927,0.11,22000.00
1927,0.12,24000.00
1927,0.13,28000.00
1927,0.14,32000.00
1927,0.15,36000.00
1927,0.16,40000.00
1927,0.17,44000.00
1927,0.18,48000.00
1927,0.19,52000.00
1927,0.2,56000.00
1927,0.21,60000.00
1927,0.22,64000.00
1927,0.23,70000.00
1927,0.24,80000.00
1927,0.25,100000.00
1928,0.02,
1928,0.03,4000.00
1928,0.05,8000.00
1928,0.06,10000.00
1928,0.07,14000.00
1928,0.08,16000.00
1928,0.09,18000.00
1928,0.1,20000.00
1928,0.11,22000.00
1928,0.12,24000.00
1928,0.13,28000.00
1928,0.14,32000.00
1928,0.15,36000.00
1928,0.16,40000.00
1928,0.17,44000.00
1928,0.18,48000.00
1928,0.19,52000.00
1928,0.2,56000.00
1928,0.21,60000.00
1928,0.22,64000.00
1928,0.23,70000.00
1928,0.24,80000.00
1928,0.25,100000.00
1929,0.02,
1929,0.03,4000.00
1929,0.05,8000.00
1929,0.06,10000.00
1929,0.07,14000.00
1929,0.08,16000.00
1929,0.09,18000.00
1929,0.1,20000.00
1929,0.11,22000.00
1929,0.12,24000.00
1929,0.13,28000.00
1929,0.14,32000.00
1929,0.15,36000.00
1929,0.16,40000.00
1929,0.17,44000.00
1929,0.18,48000.00
1929,0.19,52000.00
1929,0.2,56000.00
1929,0.21,60000.00
1929,0.22,64000.00
1929,0.23,70000.00
1929,0.24,80000.00
1929,0.25,100000.00
1930,0.02,
1930,0.03,4000.00
1930,0.05,8000.00
1930,0.06,10000.00
1930,0.07,14000.00
1930,0.08,16000.00
1930,0.09,18000.00
1930,0.1,20000.00
1930,0.11,22000.00
1930,0.12,24000.00
1930,0.13,28000.00
1930,0.14,32000.00
1930,0.15,36000.00
1930,0.16,40000.00
1930,0.17,44000.00
1930,0.18,48000.00
1930,0.19,52000.00
1930,0.2,56000.00
1930,0.21,60000.00
1930,0.22,64000.00
1930,0.23,70000.00
1930,0.24,80000.00
1930,0.25,100000.00
1931,0.02,
1931,0.03,4000.00
1931,0.05,8000.00
1931,0.06,10000.00
1931,0.07,14000.00
1931,0.08,16000.00
1931,0.09,18000.00
1931,0.1,20000.00
1931,0.11,22000.00
1931,0.12,24000.00
1931,0.13,28000.00
1931,0.14,32000.00
1931,0.15,36000.00
1931,0.16,40000.00
1931,0.17,44000.00
1931,0.18,48000.00
1931,0.19,52000.00
1931,0.2,56000.00
1931,0.21,60000.00
1931,0.22,64000.00
1931,0.23,70000.00
1931,0.24,80000.00
1931,0.25,100000.00
1932,0.04,
1932,0.08,4000.00
1932,0.09,6000.00
1932,0.1,10000.00
1932,0.11,12000.00
1932,0.12,14000.00
1932,0.13,16000.00
1932,0.14,18000.00
1932,0.16,20000.00
1932,0.17,22000.00
1932,0.18,24000.00
1932,0.19,26000.00
1932,0.2,28000.00
1932,0.21,30000.00
1932,0.23,32000.00
1932,0.24,36000.00
1932,0.25,38000.00
1932,0.26,40000.00
1932,0.27,42000.00
1932,0.28,44000.00
1932,0.29,46000.00
1932,0.3,48000.00
1932,0.31,50000.00
1932,0.32,52000.00
1932,0.33,54000.00
1932,0.34,56000.00
1932,0.35,58000.00
1932,0.36,60000.00
1932,0.37,62000.00
1932,0.38,64000.00
1932,0.39,66000.00
1932,0.4,68000.00
1932,0.41,70000.00
1932,0.42,72000.00
1932,0.43,74000.00
1932,0.44,76000.00
1932,0.45,78000.00
1932,0.46,80000.00
1932,0.47,82000.00
1932,0.48,84000.00
1932,0.49,86000.00
1932,0.5,88000.00
1932,0.51,90000.00
1932,0.52,92000.00
1932,0.53,94000.00
1932,0.54,96000.00
1932,0.55,98000.00
1932,0.56,100000.00
1932,0.57,150000.00
1932,0.58,200000.00
1932,0.59,300000.00
1932,0.6,400000.00
1932,0.61,500000.00
1932,0.62,750000.00
1932,0.63,1000000.00
1933,0.04,
1933,0.08,4000.00
1933,0.09,6000.00
1933,0.1,10000.00
1933,0.11,12000.00
1933,0.12,14000.00
1933,0.13,16000.00
1933,0.14,18000.00
1933,0.16,20000.00
1933,0.17,22000.00
1933,0.18,24000.00
1933,0.19,26000.00
1933,0.2,28000.00
1933,0.21,30000.00
1933,0.23,32000.00
1933,0.24,36000.00
1933,0.25,38000.00
1933,0.26,40000.00
1933,0.27,42000.00
1933,0.28,44000.00
1933,0.29,46000.00
1933,0.3,48000.00
1933,0.31,50000.00
1933,0.32,52000.00
1933,0.33,54000.00
1933,0.34,56000.00
1933,0.35,58000.00
1933,0.36,60000.00
1933,0.37,62000.00
1933,0.38,64000.00
1933,0.39,66000.00
1933,0.4,68000.00
1933,0.41,70000.00
1933,0.42,72000.00
1933,0.43,74000.00
1933,0.44,76000.00
1933,0.45,78000.00
1933,0.46,80000.00
1933,0.47,82000.00
1933,0.48,84000.00
1933,0.49,86000.00
1933,0.5,88000.00
1933,0.51,90000.00
1933,0.52,92000.00
1933,0.53,94000.00
1933,0.54,96000.00
1933,0.55,98000.00
1933,0.56,100000.00
1933,0.57,150000.00
1933,0.58,200000.00
1933,0.59,300000.00
1933,0.6,400000.00
1933,0.61,500000.00
1933,0.62,750000.00
1933,0.63,1000000.00
1934,0.04,
1934,0.08,4000.00
1934,0.09,6000.00
1934,0.1,8000.00
1934,0.11,10000.00
1934,0.12,12000.00
1934,0.13,14000.00
1934,0.15,16000.00
1934,0.17,18000.00
1934,0.19,20000.00
1934,0.21,22000.00
1934,0.23,26000.00
1934,0.25,32000.00
1934,0.28,38000.00
1934,0.31,44000.00
1934,0.34,50000.00
1934,0.37,56000.00
1934,0.4,62000.00
1934,0.43,68000.00
1934,0.46,74000.00
1934,0.49,80000.00
1934,0.54,90000.00
1934,0.56,100000.00
1934,0.57,150000.00
1934,0.58,200000.00
1934,0.59,300000.00
1934,0.6,400000.00
1934,0.61,500000.00
1934,0.62,750000.00
1934,0.63,1000000.00
1935,0.04,
1935,0.08,4000.00
1935,0.09,6000.00
1935,0.1,8000.00
1935,0.11,10000.00
1935,0.12,12000.00
1935,0.13,14000.00
1935,0.15,16000.00
1935,0.17,18000.00
1935,0.19,20000.00
1935,0.21,22000.00
1935,0.23,26000.00
1935,0.25,32000.00
1935,0.28,38000.00
1935,0.31,44000.00
1935,0.34,50000.00
1935,0.37,56000.00
1935,0.4,62000.00
1935,0.43,68000.00
1935,0.46,74000.00
1935,0.49,80000.00
1935,0.54,90000.00
1935,0.56,100000.00
1935,0.57,150000.00
1935,0.58,200000.00
1935,0.59,300000.00
1935,0.6,400000.00
1935,0.61,500000.00
1935,0.62,750000.00
1935,0.63,1000000.00
1936,0.04,
1936,0.08,4000.00
1936,0.09,6000.00
1936,0.1,8000.00
1936,0.11,10000.00
1936,0.12,12000.00
1936,0.13,14000.00
1936,0.15,16000.00
1936,0.17,18000.00
1936,0.19,20000.00
1936,0.21,22000.00
1936,0.23,26000.00
1936,0.25,32000.00
1936,0.28,38000.00
1936,0.31,44000.00
1936,0.35,50000.00
1936,0.39,56000.00
1936,0.43,62000.00
1936,0.47,68000.00
1936,0.51,74000.00
1936,0.55,80000.00
1936,0.59,90000.00
1936,0.62,100000.00
1936,0.64,150000.00
1936,0.66,200000.00
1936,0.68,250000.00
1936,0.7,300000.00
1936,0.72,400000.00
1936,0.74,500000.00
1936,0.76,750000.00
1936,0.77,1000000.00
1936,0.78,2000000.00
1936,0.79,5000000.00
1937,0.04,
1937,0.08,4000.00
1937,0.09,6000.00
1937,0.1,8000.00
1937,0.11,10000.00
1937,0.12,12000.00
1937,0.13,14000.00
1937,0.15,16000.00
1937,0.17,18000.00
1937,0.19,20000.00
1937,0.21,22000.00
1937,0.23,26000.00
1937,0.25,32000.00
1937,0.28,38000.00
1937,0.31,44000.00
1937,0.35,50000.00
1937,0.39,56000.00
1937,0.43,62000.00
1937,0.47,68000.00
1937,0.51,74000.00
1937,0.55,80000.00
1937,0.59,90000.00
1937,0.62,100000.00
1937,0.64,150000.00
1937,0.66,200000.00
1937,0.68,250000.00
1937,0.7,300000.00
1937,0.72,400000.00
1937,0.74,500000.00
1937,0.76,750000.00
1937,0.77,1000000.00
1937,0.78,2000000.00
1937,0.79,5000000.00
1938,0.04,
1938,0.08,4000.00
1938,0.09,6000.00
1938,0.1,8000.00
1938,0.11,10000.00
1938,0.12,12000.00
1938,0.13,14000.00
1938,0.15,16000.00
1938,0.17,18000.00
1938,0.19,20000.00
1938,0.21,22000.00
1938,0.23,26000.00
1938,0.25,32000.00
1938,0.28,38000.00
1938,0.31,44000.00
1938,0.35,50000.00
1938,0.39,56000.00
1938,0.43,62000.00
1938,0.47,68000.00
1938,0.51,74000.00
1938,0.55,80000.00
1938,0.59,90000.00
1938,0.62,100000.00
1938,0.64,150000.00
1938,0.66,200000.00
1938,0.68,250000.00
1938,0.7,300000.00
1938,0.72,400000.00
1938,0.74,500000.00
1938,0.76,750000.00
1938,0.77,1000000.00
1938,0.78,2000000.00
1938,0.79,5000000.00
1939,0.04,
1939,0.08,4000.00
1939,0.09,6000.00
1939,0.1,8000.00
1939,0.11,10000.00
1939,0.12,12000.00
1939,0.13,14000.00
1939,0.15,16000.00
1939,0.17,18000.00
1939,0.19,20000.00
1939,0.21,22000.00
1939,0.23,26000.00
1939,0.25,32000.00
1939,0.28,38000.00
1939,0.31,44000.00
1939,0.35,50000.00
1939,0.39,56000.00
1939,0.43,62000.00
1939,0.47,68000.00
1939,0.51,74000.00
1939,0.55,80000.00
1939,0.59,90000.00
1939,0.62,100000.00
1939,0.64,150000.00
1939,0.66,200000.00
1939,0.68,250000.00
1939,0.7,300000.00
1939,0.72,400000.00
1939,0.74,500000.00
1939,0.76,750000.00
1939,0.77,1000000.00
1939,0.78,2000000.00
1939,0.79,5000000.00
1941,0.1,
1941,0.13,2000.00
1941,0.17,4000.00
1941,0.21,6000.00
1941,0.25,8000.00
1941,0.29,10000.00
1941,0.33,12000.00
1941,0.36,14000.00
1941,0.39,16000.00
1941,0.42,18000.00
1941,0.45,20000.00
1941,0.48,22000.00
1941,0.51,26000.00
1941,0.54,32000.00
1941,0.57,38000.00
1941,0.59,44000.00
1941,0.61,50000.00
1941,0.63,60000.00
1941,0.65,70000.00
1941,0.67,80000.00
1941,0.68,90000.00
1941,0.69,100000.00
1941,0.7,150000.00
1941,0.71,200000.00
1941,0.73,250000.00
1941,0.75,300000.00
1941,0.76,400000.00
1941,0.77,500000.00
1941,0.78,750000.00
1941,0.79,1000000.00
1941,0.8,2000000.00
1941,0.81,5000000.00
1942,0.19,
1942,0.22,2000.00
1942,0.26,4000.00
1942,0.3,6000.00
1942,0.34,8000.00
1942,0.38,10000.00
1942,0.42,12000.00
1942,0.46,14000.00
1942,0.49,16000.00
1942,0.52,18000.00
1942,0.55,20000.00
1942,0.58,22000.00
1942,0.61,26000.00
1942,0.64,32000.00
1942,0.67,38000.00
1942,0.69,44000.00
1942,0.72,50000.00
1942,0.75,60000.00
1942,0.78,70000.00
1942,0.81,80000.00
1942,0.83,90000.00
1942,0.85,100000.00
1942,0.87,150000.00
1942,0.88,200000.00
1943,0.19,
1943,0.22,2000.00
1943,0.26,4000.00
1943,0.3,6000.00
1943,0.34,8000.00
1943,0.38,10000.00
1943,0.42,12000.00
1943,0.46,14000.00
1943,0.49,16000.00
1943,0.52,18000.00
1943,0.55,20000.00
1943,0.58,22000.00
1943,0.61,26000.00
1943,0.64,32000.00
1943,0.67,38000.00
1943,0.69,44000.00
1943,0.72,50000.00
1943,0.75,60000.00
1943,0.78,70000.00
1943,0.81,80000.00
1943,0.83,90000.00
1943,0.85,100000.00
1943,0.87,150000.00
1943,0.88,200000.00
1944,0.23,
1944,0.25,2000.00
1944,0.29,4000.00
1944,0.33,6000.00
1944,0.37,8000.00
1944,0.41,10000.00
1944,0.46,12000.00
1944,0.5,14000.00
1944,0.53,16000.00
1944,0.56,18000.00
1944,0.59,20000.00
1944,0.62,22000.00
1944,0.65,26000.00
1944,0.68,32000.00
1944,0.72,38000.00
1944,0.75,44000.00
1944,0.78,50000.00
1944,0.81,60000.00
1944,0.84,70000.00
1944,0.87,80000.00
1944,0.9,90000.00
1944,0.92,100000.00
1944,0.93,150000.00
1944,0.94,200000.00
1945,0.23,
1945,0.25,2000.00
1945,0.29,4000.00
1945,0.33,6000.00
1945,0.37,8000.00
1945,0.41,10000.00
1945,0.46,12000.00
1945,0.5,14000.00
1945,0.53,16000.00
1945,0.56,18000.00
1945,0.59,20000.00
1945,0.62,22000.00
1945,0.65,26000.00
1945,0.68,32000.00
1945,0.72,38000.00
1945,0.75,44000.00
1945,0.78,50000.00
1945,0.81,60000.00
1945,0.84,70000.00
1945,0.87,80000.00
1945,0.9,90000.00
1945,0.92,100000.00
1945,0.93,150000.00
1945,0.94,200000.00
1946,0.2,
1946,0.22,2000.00
1946,0.26,4000.00
1946,0.3,6000.00
1946,0.34,8000.00
1946,0.38,10000.00
1946,0.43,12000.00
1946,0.47,14000.00
1946,0.5,16000.00
1946,0.53,18000.00
1946,0.56,20000.00
1946,0.59,22000.00
1946,0.62,26000.00
1946,0.65,32000.00
1946,0.69,38000.00
1946,0.72,44000.00
1946,0.75,50000.00
1946,0.78,60000.00
1946,0.81,70000.00
1946,0.84,80000.00
1946,0.87,90000.00
1946,0.89,100000.00
1946,0.9,150000.00
1946,0.91,200000.00
1947,0.2,
1947,0.22,2000.00
1947,0.26,4000.00
1947,0.3,6000.00
1947,0.34,8000.00
1947,0.38,10000.00
1947,0.43,12000.00
1947,0.47,14000.00
1947,0.5,16000.00
1947,0.53,18000.00
1947,0.56,20000.00
1947,0.59,22000.00
1947,0.62,26000.00
1947,0.65,32000.00
1947,0.69,38000.00
1947,0.72,44000.00
1947,0.75,50000.00
1947,0.78,60000.00
1947,0.81,70000.00
1947,0.84,80000.00
1947,0.87,90000.00
1947,0.89,100000.00
1947,0.9,150000.00
1947,0.91,200000.00
1948,0.2,
1948,0.22,2000.00
1948,0.26,4000.00
1948,0.3,6000.00
1948,0.34,8000.00
1948,0.38,10000.00
1948,0.43,12000.00
1948,0.47,14000.00
1948,0.5,16000.00
1948,0.53,18000.00
1948,0.56,20000.00
1948,0.59,22000.00
1948,0.62,26000.00
1948,0.65,32000.00
1948,0.69,38000.00
1948,0.72,44000.00
1948,0.75,50000.00
1948,0.78,60000.00
1948,0.81,70000.00
1948,0.84,80000.00
1948,0.87,90000.00
1948,0.89,100000.00
1948,0.9,150000.00
1948,0.91,200000.00
1949,0.2,
1949,0.22,2000.00
1949,0.26,4000.00
1949,0.3,6000.00
1949,0.34,8000.00
1949,0.38,10000.00
1949,0.43,12000.00
1949,0.47,14000.00
1949,0.5,16000.00
1949,0.53,18000.00
1949,0.56,20000.00
1949,0.59,22000.00
1949,0.62,26000.00
1949,0.65,32000.00
1949,0.69,38000.00
1949,0.72,44000.00
1949,0.75,50000.00
1949,0.78,60000.00
1949,0.81,70000.00
1949,0.84,80000.00
1949,0.87,90000.00
1949,0.89,100000.00
1949,0.9,150000.00
1949,0.91,200000.00
1950,0.2,
1950,0.22,2000.00
1950,0.26,4000.00
1950,0.3,6000.00
1950,0.34,8000.00
1950,0.38,10000.00
1950,0.43,12000.00
1950,0.47,14000.00
1950,0.5,16000.00
1950,0.53,18000.00
1950,0.56,20000.00
1950,0.59,22000.00
1950,0.62,26000.00
1950,0.65,32000.00
1950,0.69,38000.00
1950,0.72,44000.00
1950,0.75,50000.00
1950,0.78,60000.00
1950,0.81,70000.00
1950,0.84,80000.00
1950,0.87,90000.00
1950,0.89,100000.00
1950,0.9,150000.00
1950,0.91,200000.00
1951,0.2,
1951,0.22,2000.00
1951,0.27,4000.00
1951,0.3,6000.00
1951,0.35,8000.00
1951,0.39,10000.00
1951,0.43,12000.00
1951,0.48,14000.00
1951,0.51,16000.00
1951,0.54,18000.00
1951,0.57,20000.00
1951,0.6,22000.00
1951,0.63,26000.00
1951,0.66,32000.00
1951,0.69,38000.00
1951,0.73,44000.00
1951,0.75,50000.00
1951,0.78,60000.00
1951,0.82,70000.00
1951,0.84,80000.00
1951,0.87,90000.00
1951,0.89,100000.00
1951,0.9,150000.00
1951,0.91,200000.00
1952,0.22,
1952,0.23,2000.00
1952,0.27,4000.00
1952,0.29,6000.00
1952,0.34,8000.00
1952,0.35,10000.00
1952,0.41,12000.00
1952,0.44,14000.00
1952,0.47,16000.00
1952,0.48,18000.00
1952,0.52,20000.00
1952,0.54,22000.00
1952,0.57,24000.00
1952,0.6,28000.00
1952,0.63,32000.00
1952,0.66,38000.00
1952,0.71,44000.00
1952,0.72,50000.00
1952,0.73,60000.00
1952,0.77,70000.00
1952,0.79,80000.00
1952,0.81,90000.00
1952,0.85,100000.00
1952,0.88,150000.00
1952,0.91,200000.00
1952,0.92,300000.00
1953,0.22,
1953,0.23,2000.00
1953,0.27,4000.00
1953,0.29,6000.00
1953,0.34,8000.00
1953,0.35,10000.00
1953,0.41,12000.00
1953,0.44,14000.00
1953,0.47,16000.00
1953,0.48,18000.00
1953,0.52,20000.00
1953,0.54,22000.00
1953,0.57,24000.00
1953,0.6,28000.00
1953,0.63,32000.00
1953,0.66,38000.00
1953,0.71,44000.00
1953,0.72,50000.00
1953,0.73,60000.00
1953,0.77,70000.00
1953,0.79,80000.00
1953,0.81,90000.00
1953,0.85,100000.00
1953,0.88,150000.00
1953,0.91,200000.00
1953,0.92,300000.00
1954,0.2,
1954,0.21,2000.00
1954,0.24,4000.00
1954,0.26,6000.00
1954,0.3,8000.00
1954,0.32,10000.00
1954,0.36,12000.00
1954,0.39,14000.00
1954,0.42,16000.00
1954,0.43,18000.00
1954,0.47,20000.00
1954,0.49,22000.00
1954,0.52,24000.00
1954,0.54,28000.00
1954,0.58,32000.00
1954,0.62,38000.00
1954,0.66,44000.00
1954,0.68,50000.00
1954,0.71,60000.00
1954,0.74,70000.00
1954,0.76,80000.00
1954,0.8,90000.00
1954,0.83,100000.00
1954,0.87,150000.00
1954,0.9,200000.00
1954,0.91,300000.00
1955,0.2,
1955,0.21,2000.00
1955,0.24,4000.00
1955,0.26,6000.00
1955,0.3,8000.00
1955,0.32,10000.00
1955,0.36,12000.00
1955,0.39,14000.00
1955,0.42,16000.00
1955,0.43,18000.00
1955,0.47,20000.00
1955,0.49,22000.00
1955,0.52,24000.00
1955,0.54,28000.00
1955,0.58,32000.00
1955,0.62,38000.00
1955,0.66,44000.00
1955,0.68,50000.00
1955,0.71,60000.00
1955,0.74,70000.00
1955,0.76,80000.00
1955,0.8,90000.00
1955,0.83,100000.00
1955,0.87,150000.00
1955,0.9,200000.00
1955,0.91,300000.00
1956,0.2,
1956,0.21,2000.00
1956,0.24,4000.00
1956,0.26,6000.00
1956,0.3,8000.00
1956,0.32,10000.00
1956,0.36,12000.00
1956,0.39,14000.00
1956,0.42,16000.00
1956,0.43,18000.00
1956,0.47,20000.00
1956,0.49,22000.00
1956,0.52,24000.00
1956,0.54,28000.00
1956,0.58,32000.00
1956,0.62,38000.00
1956,0.66,44000.00
1956,0.68,50000.00
1956,0.71,60000.00
1956,0.74,70000.00
1956,0.76,80000.00
1956,0.8,90000.00
1956,0.83,100000.00
1956,0.87,150000.00
1956,0.9,200000.00
1956,0.91,300000.00
1957,0.2,
1957,0.21,2000.00
1957,0.24,4000.00
1957,0.26,6000.00
1957,0.3,8000.00
1957,0.32,10000.00
1957,0.36,12000.00
1957,0.39,14000.00
1957,0.42,16000.00
1957,0.43,18000.00
1957,0.47,20000.00
1957,0.49,22000.00
1957,0.52,24000.00
1957,0.54,28000.00
1957,0.58,32000.00
1957,0.62,38000.00
1957,0.66,44000.00
1957,0.68,50000.00
1957,0.71,60000.00
1957,0.74,70000.00
1957,0.76,80000.00
1957,0.8,90000.00
1957,0.83,100000.00
1957,0.87,150000.00
1957,0.9,200000.00
1957,0.91,300000.00
1958,0.2,
1958,0.21,2000.00
1958,0.24,4000.00
1958,0.26,6000.00
1958,0.3,8000.00
1958,0.32,10000.00
1958,0.36,12000.00
1958,0.39,14000.00
1958,0.42,16000.00
1958,0.43,18000.00
1958,0.47,20000.00
1958,0.49,22000.00
1958,0.52,24000.00
1958,0.54,28000.00
1958,0.58,32000.00
1958,0.62,38000.00
1958,0.66,44000.00
1958,0.68,50000.00
1958,0.71,60000.00
1958,0.74,70000.00
1958,0.76,80000.00
1958,0.8,90000.00
1958,0.83,100000.00
1958,0.87,150000.00
1958,0.9,200000.00
1958,0.91,300000.00
1959,0.2,
1959,0.21,2000.00
1959,0.24,4000.00
1959,0.26,6000.00
1959,0.3,8000.00
1959,0.32,10000.00
1959,0.36,12000.00
1959,0.39,14000.00
1959,0.42,16000.00
1959,0.43,18000.00
1959,0.47,20000.00
1959,0.49,22000.00
1959,0.52,24000.00
1959,0.54,28000.00
1959,0.58,32000.00
1959,0.62,38000.00
1959,0.66,44000.00
1959,0.68,50000.00
1959,0.71,60000.00
1959,0.74,70000.00
1959,0.76,80000.00
1959,0.8,90000.00
1959,0.83,100000.00
1959,0.87,150000.00
1959,0.9,200000.00
1959,0.91,300000.00
1960,0.2,
1960,0.21,2000.00
1960,0.24,4000.00
1960,0.26,6000.00
1960,0.3,8000.00
1960,0.32,10000.00
1960,0.36,12000.00
1960,0.39,14000.00
1960,0.42,16000.00
1960,0.43,18000.00
1960,0.47,20000.00
1960,0.49,22000.00
1960,0.52,24000.00
1960,0.54,28000.00
1960,0.58,32000.00
1960,0.62,38000.00
1960,0.66,44000.00
1960,0.68,50000.00
1960,0.71,60000.00
1960,0.74,70000.00
1960,0.76,80000.00
1960,0.8,90000.00
1960,0.83,100000.00
1960,0.87,150000.00
1960,0.9,200000.00
1960,0.91,300000.00
1961,0.2,
1961,0.21,2000.00
1961,0.24,4000.00
1961,0.26,6000.00
1961,0.3,8000.00
1961,0.32,10000.00
1961,0.36,12000.00
1961,0.39,14000.00
1961,0.42,16000.00
1961,0.43,18000.00
1961,0.47,20000.00
1961,0.49,22000.00
1961,0.52,24000.00
1961,0.54,28000.00
1961,0.58,32000.00
1961,0.62,38000.00
1961,0.66,44000.00
1961,0.68,50000.00
1961,0.71,60000.00
1961,0.74,70000.00
1961,0.76,80000.00
1961,0.8,90000.00
1961,0.83,100000.00
1961,0.87,150000.00
1961,0.9,200000.00
1961,0.91,300000.00
1962,0.2,
1962,0.21,2000.00
1962,0.24,4000.00
1962,0.26,6000.00
1962,0.3,8000.00
1962,0.32,10000.00
1962,0.36,12000.00
1962,0.39,14000.00
1962,0.42,16000.00
1962,0.43,18000.00
1962,0.47,20000.00
1962,0.49,22000.00
1962,0.52,24000.00
1962,0.54,28000.00
1962,0.58,32000.00
1962,0.62,38000.00
1962,0.66,44000.00
1962,0.68,50000.00
1962,0.71,60000.00
1962,0.74,70000.00
1962,0.76,80000.00
1962,0.8,90000.00
1962,0.83,100000.00
1962,0.87,150000.00
1962,0.9,200000.00
1962,0.91,300000.00
1963,0.2,
1963,0.21,2000.00
1963,0.24,4000.00
1963,0.26,6000.00
1963,0.3,8000.00
1963,0.32,10000.00
1963,0.36,12000.00
1963,0.39,14000.00
1963,0.42,16000.00
1963,0.43,18000.00
1963,0.47,20000.00
1963,0.49,22000.00
1963,0.52,24000.00
1963,0.54,28000.00
1963,0.58,32000.00
1963,0.62,38000.00
1963,0.66,44000.00
1963,0.68,50000.00
1963,0.71,60000.00
1963,0.74,70000.00
1963,0.76,80000.00
1963,0.8,90000.00
1963,0.83,100000.00
1963,0.87,150000.00
1963,0.9,200000.00
1963,0.91,300000.00
1964,0.16,
1964,0.18,1000.00
1964,0.19,2000.00
1964,0.22,4000.00
1964,0.23,6000.00
1964,0.27,8000.00
1964,0.29,10000.00
1964,0.32,12000.00
1964,0.34,14000.00
1964,0.38,16000.00
1964,0.39,18000.00
1964,0.43,20000.00
1964,0.44,22000.00
1964,0.46,24000.00
1964,0.47,26000.00
1964,0.49,28000.00
1964,0.52,32000.00
1964,0.53,36000.00
1964,0.54,38000.00
1964,0.56,40000.00
1964,0.59,44000.00
1964,0.6,50000.00
1964,0.61,52000.00
1964,0.62,60000.00
1964,0.64,64000.00
1964,0.65,70000.00
1964,0.66,76000.00
1964,0.67,80000.00
1964,0.69,88000.00
1964,0.7,90000.00
1964,0.71,100000.00
1964,0.73,120000.00
1964,0.74,140000.00
1964,0.75,160000.00
1964,0.76,180000.00
1964,0.77,200000.00
1965,0.14,
1965,0.16,1000.00
1965,0.18,2000.00
1965,0.2,4000.00
1965,0.22,6000.00
1965,0.25,8000.00
1965,0.27,10000.00
1965,0.31,12000.00
1965,0.32,14000.00
1965,0.35,16000.00
1965,0.36,18000.00
1965,0.4,20000.00
1965,0.41,22000.00
1965,0.43,24000.00
1965,0.45,26000.00
1965,0.46,28000.00
1965,0.48,32000.00
1965,0.5,36000.00
1965,0.52,38000.00
1965,0.53,40000.00
1965,0.55,44000.00
1965,0.56,50000.00
1965,0.58,52000.00
1965,0.59,64000.00
1965,0.61,70000.00
1965,0.62,76000.00
1965,0.63,80000.00
1965,0.64,88000.00
1965,0.66,100000.00
1965,0.67,120000.00
1965,0.68,140000.00
1965,0.69,160000.00
1965,0.7,180000.00
1966,0.14,
1966,0.16,1000.00
1966,0.18,2000.00
1966,0.2,4000.00
1966,0.22,6000.00
1966,0.25,8000.00
1966,0.27,10000.00
1966,0.31,12000.00
1966,0.32,14000.00
1966,0.35,16000.00
1966,0.36,18000.00
1966,0.4,20000.00
1966,0.41,22000.00
1966,0.43,24000.00
1966,0.45,26000.00
1966,0.46,28000.00
1966,0.48,32000.00
1966,0.5,36000.00
1966,0.52,38000.00
1966,0.53,40000.00
1966,0.55,44000.00
1966,0.56,50000.00
1966,0.58,52000.00
1966,0.59,64000.00
1966,0.61,70000.00
1966,0.62,76000.00
1966,0.63,80000.00
1966,0.64,88000.00
1966,0.66,100000.00
1966,0.67,120000.00
1966,0.68,140000.00
1966,0.69,160000.00
1966,0.7,180000.00
1967,0.14,
1967,0.16,1000.00
1967,0.18,2000.00
1967,0.2,4000.00
1967,0.22,6000.00
1967,0.25,8000.00
1967,0.27,10000.00
1967,0.31,12000.00
1967,0.32,14000.00
1967,0.35,16000.00
1967,0.36,18000.00
1967,0.4,20000.00
1967,0.41,22000.00
1967,0.43,24000.00
1967,0.45,26000.00
1967,0.46,28000.00
1967,0.48,32000.00
1967,0.5,36000.00
1967,0.52,38000.00
1967,0.53,40000.00
1967,0.55,44000.00
1967,0.56,50000.00
1967,0.58,52000.00
1967,0.59,64000.00
1967,0.61,70000.00
1967,0.62,76000.00
1967,0.63,80000.00
1967,0.64,88000.00
1967,0.66,100000.00
1967,0.67,120000.00
1967,0.68,140000.00
1967,0.69,160000.00
1967,0.7,180000.00
1968,0.14,
1968,0.16,1000.00
1968,0.18,2000.00
1968,0.2,4000.00
1968,0.22,6000.00
1968,0.25,8000.00
1968,0.27,10000.00
1968,0.31,12000.00
1968,0.32,14000.00
1968,0.35,16000.00
1968,0.36,18000.00
1968,0.4,20000.00
1968,0.41,22000.00
1968,0.43,24000.00
1968,0.45,26000.00
1968,0.46,28000.00
1968,0.48,32000.00
1968,0.5,36000.00
1968,0.52,38000.00
1968,0.53,40000.00
1968,0.55,44000.00
1968,0.56,50000.00
1968,0.58,52000.00
1968,0.59,64000.00
1968,0.61,70000.00
1968,0.62,76000.00
1968,0.63,80000.00
1968,0.64,88000.00
1968,0.66,100000.00
1968,0.67,120000.00
1968,0.68,140000.00
1968,0.69,160000.00
1968,0.7,180000.00
1969,0.14,
1969,0.16,1000.00
1969,0.18,2000.00
1969,0.2,4000.00
1969,0.22,6000.00
1969,0.25,8000.00
1969,0.27,10000.00
1969,0.31,12000.00
1969,0.32,14000.00
1969,0.35,16000.00
1969,0.36,18000.00
1969,0.4,20000.00
1969,0.41,22000.00
1969,0.43,24000.00
1969,0.45,26000.00
1969,0.46,28000.00
1969,0.48,32000.00
1969,0.5,36000.00
1969,0.52,38000.00
1969,0.53,40000.00
1969,0.55,44000.00
1969,0.56,50000.00
1969,0.58,52000.00
1969,0.59,64000.00
1969,0.61,70000.00
1969,0.62,76000.00
1969,0.63,80000.00
1969,0.64,88000.00
1969,0.66,100000.00
1969,0.67,120000.00
1969,0.68,140000.00
1969,0.69,160000.00
1969,0.7,180000.00
1970,0.14,
1970,0.16,1000.00
1970,0.18,2000.00
1970,0.2,4000.00
1970,0.22,6000.00
1970,0.25,8000.00
1970,0.27,10000.00
1970,0.31,12000.00
1970,0.32,14000.00
1970,0.35,16000.00
1970,0.36,18000.00
1970,0.4,20000.00
1970,0.41,22000.00
1970,0.43,24000.00
1970,0.45,26000.00
1970,0.46,28000.00
1970,0.48,32000.00
1970,0.5,36000.00
1970,0.52,38000.00
1970,0.53,40000.00
1970,0.55,44000.00
1970,0.56,50000.00
1970,0.58,52000.00
1970,0.59,64000.00
1970,0.61,70000.00
1970,0.62,76000.00
1970,0.63,80000.00
1970,0.64,88000.00
1970,0.66,100000.00
1970,0.67,120000.00
1970,0.68,140000.00
1970,0.69,160000.00
1970,0.7,180000.00
1971,0.14,
1971,0.16,1000.00
1971,0.18,2000.00
1971,0.19,4000.00
1971,0.22,6000.00
1971,0.23,8000.00
1971,0.25,10000.00
1971,0.27,12000.00
1971,0.28,14000.00
1971,0.31,16000.00
1971,0.32,18000.00
1971,0.35,20000.00
1971,0.36,22000.00
1971,0.38,24000.00
1971,0.41,26000.00
1971,0.42,28000.00
1971,0.45,32000.00
1971,0.48,36000.00
1971,0.51,38000.00
1971,0.52,40000.00
1971,0.55,44000.00
1971,0.56,50000.00
1971,0.58,52000.00
1971,0.59,64000.00
1971,0.61,70000.00
1971,0.62,76000.00
1971,0.63,80000.00
1971,0.64,88000.00
1971,0.66,100000.00
1971,0.67,120000.00
1971,0.68,140000.00
1971,0.69,160000.00
1971,0.7,180000.00
1972,0.14,
1972,0.16,1000.00
1972,0.18,2000.00
1972,0.19,4000.00
1972,0.22,6000.00
1972,0.23,8000.00
1972,0.25,10000.00
1972,0.27,12000.00
1972,0.28,14000.00
1972,0.31,16000.00
1972,0.32,18000.00
1972,0.35,20000.00
1972,0.36,22000.00
1972,0.38,24000.00
1972,0.41,26000.00
1972,0.42,28000.00
1972,0.45,32000.00
1972,0.48,36000.00
1972,0.51,38000.00
1972,0.52,40000.00
1972,0.55,44000.00
1972,0.56,50000.00
1972,0.58,52000.00
1972,0.59,64000.00
1972,0.61,70000.00
1972,0.62,76000.00
1972,0.63,80000.00
1972,0.64,88000.00
1972,0.66,100000.00
1972,0.67,120000.00
1972,0.68,140000.00
1972,0.69,160000.00
1972,0.7,180000.00
1973,0.14,
1973,0.16,1000.00
1973,0.18,2000.00
1973,0.19,4000.00
1973,0.22,6000.00
1973,0.23,8000.00
1973,0.25,10000.00
1973,0.27,12000.00
1973,0.28,14000.00
1973,0.31,16000.00
1973,0.32,18000.00
1973,0.35,20000.00
1973,0.36,22000.00
1973,0.38,24000.00
1973,0.41,26000.00
1973,0.42,28000.00
1973,0.45,32000.00
1973,0.48,36000.00
1973,0.51,38000.00
1973,0.52,40000.00
1973,0.55,44000.00
1973,0.56,50000.00
1973,0.58,52000.00
1973,0.59,64000.00
1973,0.61,70000.00
1973,0.62,76000.00
1973,0.63,80000.00
1973,0.64,88000.00
1973,0.66,100000.00
1973,0.67,120000.00
1973,0.68,140000.00
1973,0.69,160000.00
1973,0.7,180000.00
1974,0.14,
1974,0.16,1000.00
1974,0.18,2000.00
1974,0.19,4000.00
1974,0.22,6000.00
1974,0.23,8000.00
1974,0.25,10000.00
1974,0.27,12000.00
1974,0.28,14000.00
1974,0.31,16000.00
1974,0.32,18000.00
1974,0.35,20000.00
1974,0.36,22000.00
1974,0.38,24000.00
1974,0.41,26000.00
1974,0.42,28000.00
1974,0.45,32000.00
1974,0.48,36000.00
1974,0.51,38000.00
1974,0.52,40000.00
1974,0.55,44000.00
1974,0.56,50000.00
1974,0.58,52000.00
1974,0.59,64000.00
1974,0.61,70000.00
1974,0.62,76000.00
1974,0.63,80000.00
1974,0.64,88000.00
1974,0.66,100000.00
1974,0.67,120000.00
1974,0.68,140000.00
1974,0.69,160000.00
1974,0.7,180000.00
1975,0.14,
1975,0.16,1000.00
1975,0.18,2000.00
1975,0.19,4000.00
1975,0.22,6000.00
1975,0.23,8000.00
1975,0.25,10000.00
1975,0.27,12000.00
1975,0.28,14000.00
1975,0.31,16000.00
1975,0.32,18000.00
1975,0.35,20000.00
1975,0.36,22000.00
1975,0.38,24000.00
1975,0.41,26000.00
1975,0.42,28000.00
1975,0.45,32000.00
1975,0.48,36000.00
1975,0.51,38000.00
1975,0.52,40000.00
1975,0.55,44000.00
1975,0.56,50000.00
1975,0.58,52000.00
1975,0.59,64000.00
1975,0.61,70000.00
1975,0.62,76000.00
1975,0.63,80000.00
1975,0.64,88000.00
1975,0.66,100000.00
1975,0.67,120000.00
1975,0.68,140000.00
1975,0.69,160000.00
1975,0.7,180000.00
1976,0.14,
1976,0.16,1000.00
1976,0.18,2000.00
1976,0.19,4000.00
1976,0.22,6000.00
1976,0.23,8000.00
1976,0.25,10000.00
1976,0.27,12000.00
1976,0.28,14000.00
1976,0.31,16000.00
1976,0.32,18000.00
1976,0.35,20000.00
1976,0.36,22000.00
1976,0.38,24000.00
1976,0.41,26000.00
1976,0.42,28000.00
1976,0.45,32000.00
1976,0.48,36000.00
1976,0.51,38000.00
1976,0.52,40000.00
1976,0.55,44000.00
1976,0.56,50000.00
1976,0.58,52000.00
1976,0.59,64000.00
1976,0.61,70000.00
1976,0.62,76000.00
1976,0.63,80000.00
1976,0.64,88000.00
1976,0.66,100000.00
1976,0.67,120000.00
1976,0.68,140000.00
1976,0.69,160000.00
1976,0.7,180000.00
1977,,
1977,0.14,2200.00
1977,0.16,3200.00
1977,0.18,4200.00
1977,0.19,6200.00
1977,0.22,8200.00
1977,0.23,10200.00
1977,0.25,12200.00
1977,0.27,14200.00
1977,0.28,16200.00
1977,0.31,18200.00
1977,0.32,20200.00
1977,0.35,22200.00
1977,0.36,24200.00
1977,0.38,26200.00
1977,0.41,28200.00
1977,0.42,30200.00
1977,0.45,34200.00
1977,0.48,38200.00
1977,0.51,40200.00
1977,0.52,42200.00
1977,0.55,46200.00
1977,0.56,52200.00
1977,0.58,54200.00
1977,0.59,66200.00
1977,0.61,72200.00
1977,0.62,78200.00
1977,0.63,82200.00
1977,0.64,90200.00
1977,0.66,102200.00
1977,0.67,122200.00
1977,0.68,142200.00
1977,0.69,162200.00
1977,0.7,182200.00
1978,,
1978,0.14,2200.00
1978,0.16,3200.00
1978,0.18,4200.00
1978,0.19,6200.00
1978,0.22,8200.00
1978,0.23,10200.00
1978,0.25,12200.00
1978,0.27,14200.00
1978,0.28,16200.00
1978,0.31,18200.00
1978,0.32,20200.00
1978,0.35,22200.00
1978,0.36,24200.00
1978,0.38,26200.00
1978,0.41,28200.00
1978,0.42,30200.00
1978,0.45,34200.00
1978,0.48,38200.00
1978,0.51,40200.00
1978,0.52,42200.00
1978,0.55,46200.00
1978,0.56,52200.00
1978,0.58,54200.00
1978,0.59,66200.00
1978,0.61,72200.00
1978,0.62,78200.00
1978,0.63,82200.00
1978,0.64,90200.00
1978,0.66,102200.00
1978,0.67,122200.00
1978,0.68,142200.00
1978,0.69,162200.00
1978,0.7,182200.00
1979,,
1979,0.14,2300.00
1979,0.16,4400.00
1979,0.18,6500.00
1979,0.22,8700.00
1979,0.24,11800.00
1979,0.26,15000.00
1979,0.31,18200.00
1979,0.36,23500.00
1979,0.42,28800.00
1979,0.46,34100.00
1979,0.54,44700.00
1979,0.59,60600.00
1979,0.63,81800.00
1979,0.68,108300.00
1979,0.7,161300.00
1979,,
1980,,
1980,0.14,2300.00
1980,0.16,4400.00
1980,0.18,6500.00
1980,0.22,8700.00
1980,0.24,11800.00
1980,0.26,15000.00
1980,0.31,18200.00
1980,0.36,23500.00
1980,0.42,28800.00
1980,0.46,34100.00
1980,0.54,44700.00
1980,0.59,60600.00
1980,0.63,81800.00
1980,0.68,108300.00
1980,0.7,161300.00
1980,,
1981,,
1981,0.14,2300.00
1981,0.16,4400.00
1981,0.18,6500.00
1981,0.22,8700.00
1981,0.24,11800.00
1981,0.26,15000.00
1981,0.31,18200.00
1981,0.36,23500.00
1981,0.42,28800.00
1981,0.46,34100.00
1981,0.54,44700.00
1981,0.59,60600.00
1981,0.63,81800.00
1981,0.68,108300.00
1981,0.7,161300.00
1981,,
1982,,
1982,0.12,2300.00
1982,0.14,4400.00
1982,0.16,6500.00
1982,0.2,8700.00
1982,0.22,11800.00
1982,0.23,15000.00
1982,0.28,18200.00
1982,0.32,23500.00
1982,0.38,28800.00
1982,0.41,34100.00
1982,0.49,44700.00
1982,0.5,60600.00
1982,,
1983,,
1983,0.11,2300.00
1983,0.13,4400.00
1983,0.15,6500.00
1983,0.18,8700.00
1983,0.19,11800.00
1983,0.21,15000.00
1983,0.25,18200.00
1983,0.29,23500.00
1983,0.34,28800.00
1983,0.37,34100.00
1983,0.44,44700.00
1983,0.48,60600.00
1983,0.5,81800.00
1984,,
1984,0.11,2300.00
1984,0.12,4400.00
1984,0.14,6500.00
1984,0.17,8700.00
1984,0.18,11800.00
1984,0.2,15000.00
1984,0.24,18200.00
1984,0.28,23500.00
1984,0.32,28800.00
1984,0.35,34100.00
1984,0.42,44700.00
1984,0.45,60600.00
1984,0.48,81800.00
1984,0.5,108300.00
1984,,
1985,,
1985,0.11,2390.00
1985,0.12,4580.00
1985,0.14,6760.00
1985,0.17,9050.00
1985,0.18,12280.00
1985,0.2,15610.00
1985,0.24,18940.00
1985,0.28,24460.00
1985,0.32,29970.00
1985,0.35,35490.00
1985,0.42,46520.00
1985,0.45,63070.00
1985,0.48,85130.00
1985,0.5,112720.00
1985,,
1986,,
1986,0.11,2480.00
1986,0.12,4750.00
1986,0.14,7010.00
1986,0.17,9390.00
1986,0.18,12730.00
1986,0.2,16190.00
1986,0.24,19640.00
1986,0.28,25360.00
1986,0.32,31080.00
1986,0.35,36800.00
1986,0.42,48240.00
1986,0.45,65390.00
1986,0.48,88270.00
1986,0.5,116870.00
1986,,
1987,0.11,
1987,0.15,2500.00
1987,0.28,23000.00
1987,0.35,38000.00
1987,0.39,80000.00
1988,0.15,
1988,0.28,23900.00
1989,0.15,
1989,0.28,24850.00
1990,0.15,
1990,0.28,26050.00
1991,0.15,
1991,0.28,27300.00
1991,0.31,70450.00
1992,0.15,
1992,0.28,28750.00
1992,0.31,74150.00
1993,0.15,
1993,0.28,29600.00
1993,0.31,76400.00
1993,0.36,127500.00
1993,0.4,250000.00
1994,0.15,
1994,0.28,30500.00
1994,0.31,78700.00
1994,0.36,127500.00
1994,0.4,250000.00
1995,0.15,
1995,0.28,31250.00
1995,0.31,80750.00
1995,0.36,130800.00
1995,0.4,256500.00
1996,0.15,
1996,0.28,32150.00
1996,0.31,83050.00
1996,0.36,134500.00
1996,0.4,263750.00
1997,0.15,
1997,0.28,33050.00
1997,0.31,85350.00
1997,0.36,138200.00
1997,0.4,271050.00
1998,0.15,
1998,0.28,33950.00
1998,0.31,87700.00
1998,0.36,142000.00
1998,0.4,278450.00
1999,0.15,
1999,0.28,34550.00
1999,0.31,89150.00
1999,0.36,144400.00
1999,0.4,283150.00
2000,0.15,
2000,0.28,35150.00
2000,0.31,90800.00
2000,0.36,147050.00
2000,0.4,288350.00
2001,0.15,
2001,0.28,36250.00
2001,0.31,93650.00
2001,0.36,151650.00
2001,0.39,297350.00
2002,0.1,
2002,0.15,10000.00
2002,0.27,37450.00
2002,0.3,96700.00
2002,0.35,156600.00
2002,0.39,307050.00
2003,0.1,
2003,0.15,10000.00
2003,0.25,38050.00
2003,0.28,98250.00
2003,0.33,159100.00
2003,0.35,311950.00
2004,0.1,
2004,0.15,10200.00
2004,0.25,38900.00
2004,0.28,100500.00
2004,0.33,162700.00
2004,0.35,319500.00
2005,0.1,
2005,0.15,10450.00
2005,0.25,39800.00
2005,0.28,102800.00
2005,0.33,166450.00
2005,0.35,326450.00
2006,0.1,
2006,0.15,10750.00
2006,0.25,41050.00
2006,0.28,106000.00
2006,0.33,171650.00
2006,0.35,336550.00
2007,0.1,
2007,0.15,11200.00
2007,0.25,42650.00
2007,0.28,110100.00
2007,0.33,178350.00
2007,0.35,349700.00
2008,0.1,
2008,0.15,11450.00
2008,0.25,43650.00
2008,0.28,112650.00
2008,0.33,182400.00
2008,0.35,357700.00
2009,0.1,
2009,0.15,11950.00
2009,0.25,45500.00
2009,0.28,117450.00
2009,0.33,190200.00
2009,0.35,372950.00
2010,0.1,
2010,0.15,11950.00
2010,0.25,45550.00
2010,0.28,117650.00
2010,0.33,190550.00
2010,0.35,373650.00
2011,0.1,
2011,0.15,12150.00
2011,0.25,46250.00
2011,0.28,119400.00
2011,0.33,193350.00
2011,0.35,379150.00
2012,0.1,
2012,0.15,12400.00
2012,0.25,47350.00
2012,0.28,122300.00
2012,0.33,198050.00
2012,0.35,388350.00
2013,0.1,
2013,0.15,12750.00
2013,0.25,48600.00
2013,0.28,125450.00
2013,0.33,203150.00
2013,0.35,398350.00
2013,0.4,425000.00
2014,0.1,
2014,0.15,12951.00
2014,0.25,49401.00
2014,0.28,127551.00
2014,0.33,206601.00
2014,0.35,405101.00
2014,0.4,432201.00
2015,0.1,
2015,0.15,13151.00
2015,0.25,50201.00
2015,0.28,129601.00
2015,0.33,209851.00
2015,0.35,411501.00
2015,0.4,439001.00
2016,0.1,
2016,0.15,13250.00
2016,0.25,50400.00
2016,0.28,130150.00
2016,0.33,210800.00
2016,0.35,413350.00
2016,0.4,441000.00
2017,0.1,
2017,0.15,13350.00
2017,0.25,50800.00
2017,0.28,131200.00
2017,0.33,212500.00
2017,0.35,416700.00
2017,0.4,444550.00
2018,0.1,
2018,0.12,13600.00
2018,0.22,51800.00
2018,0.24,82500.00
2018,0.32,157500.00
2018,0.35,200000.00
2018,0.37,500000.00
2019,0.1,
2019,0.12,13850.00
2019,0.22,52850.00
2019,0.24,84200.00
2019,0.32,160700.00
2019,0.35,204100.00
2019,0.37,510300.00
2020,0.1,
2020,0.12,14100.00
2020,0.22,53700.00
2020,0.24,85500.00
2020,0.32,163300.00
2020,0.35,207350.00
2020,0.37,518400.00
2021,0.1,
2021,0.12,14200.00
2021,0.22,54200.00
2021,0.24,86350.00
2021,0.32,164900.00
2021,0.35,209400.00
2021,0.37,523600.00
1940,0.04,
1940,0.08,4000.00
1940,0.1,6000.00
1940,0.12,8000.00
1940,0.14,10000.00
1940,0.16,12000.00
1940,0.19,14000.00
1940,0.22,16000.00
1940,0.25,18000.00
1940,0.28,20000.00
1940,0.31,22000.00
1940,0.34,26000.00
1940,0.37,32000.00
1940,0.4,38000.00
1940,0.44,44000.00
1940,0.48,50000.00
1940,0.51,60000.00
1940,0.54,70000.00
1940,0.57,80000.00
1940,0.6,90000.00
1940,0.62,100000.00
1940,0.64,150000.00
1940,0.66,200000.00
1940,0.68,250000.00
1940,0.7,300000.00
1940,0.72,400000.00
1940,0.74,500000.00
1940,0.76,750000.00
1940,0.77,1000000.00
1940,0.78,2000000.00
1940,0.79,5000000.00
