Date,Category,Net worth,Assets,Real estate,Consumer durables,Corporate equities and mutual fund shares,DB pension entitlements,DC pension entitlements,Private businesses,Other assets,Liabilities,Home mortgages,Consumer credit,Other liabilities
1989:Q3,pct99to100,16.6,15,7.8,14,35.9,3.1,10.5,28.2,18,4.5,4.1,3.5,16.2
1989:Q3,pct80to99,43.9,44.2,43.9,36.5,44.3,44.9,60.8,47.9,41.9,46.8,51.8,31.3,53.7
1989:Q3,pct60to80,16.5,17.9,20.6,23.1,10.9,24.2,14.6,9.6,16.6,27.1,26.1,31.9,18.2
1989:Q3,pct40to60,12.5,12.6,14.5,13.2,5.8,18.1,7.8,8.3,12.3,13.5,11.7,20.3,4.2
1989:Q3,pct20to40,7.6,7.4,9.7,9.1,2,6.8,5.5,4.3,8.4,6,5.1,8.9,3.8
1989:Q3,pct00to20,2.9,2.8,3.5,4,1.1,3,0.8,1.6,2.8,2,1.1,4.2,4
1989:Q4,pct99to100,16.7,15.1,7.8,14,35.4,3.2,10.7,28.6,18.1,4.7,4.3,3.4,17.8
1989:Q4,pct80to99,43.8,44.2,43.9,36.3,44.6,44.7,60.5,47.4,41.9,46.5,51.7,31.2,52
1989:Q4,pct60to80,16.6,18,20.6,23,10.9,24.3,15.2,9.8,16.4,27,26,31.6,17.8
1989:Q4,pct40to60,12.4,12.5,14.4,13.3,5.9,17.7,7.7,8.4,12.3,13.5,11.8,20.3,4.6
1989:Q4,pct20to40,7.6,7.4,9.6,9.2,2.1,7,5.2,4.2,8.4,6.1,5.1,9.4,3.9
1989:Q4,pct00to20,2.9,2.8,3.7,4.2,1.2,3,0.7,1.6,2.8,2,1.2,4.2,3.9
1990:Q1,pct99to100,16.5,14.9,7.9,13.5,34.2,3.3,10.8,28.9,18.3,4.9,4.5,3.1,18.9
1990:Q1,pct80to99,43.7,44,43.6,36.5,44.9,44.6,60.5,46.9,41.9,46.4,51.3,31.1,51.6
1990:Q1,pct60to80,16.7,18.1,20.6,22.9,11,24.4,15.6,10,16.3,26.7,25.9,31.1,17
1990:Q1,pct40to60,12.4,12.6,14.4,13.6,6.3,17.4,7.5,8.5,12.3,13.6,11.9,20.4,5.1
1990:Q1,pct20to40,7.7,7.5,9.7,9.3,2.4,7.2,4.9,4,8.4,6.1,5.1,9.6,3.9
1990:Q1,pct00to20,3,2.9,3.9,4.2,1.2,3,0.7,1.7,2.8,2.2,1.3,4.7,3.5
1990:Q2,pct99to100,16.6,15,8,13.5,33.7,3.4,10.9,29.3,18.3,5,4.7,3,20.2
1990:Q2,pct80to99,43.6,44,43.7,36.3,45.1,44.4,60.3,46.4,41.8,46.2,51,30.9,50.5
1990:Q2,pct60to80,16.8,18.1,20.5,22.8,11,24.6,16.1,10.2,16.3,26.5,25.8,30.7,16.6
1990:Q2,pct40to60,12.3,12.5,14.2,13.6,6.4,17.1,7.3,8.5,12.4,13.7,12,20.5,5.5
1990:Q2,pct20to40,7.6,7.4,9.6,9.5,2.5,7.4,4.6,3.9,8.3,6.2,5.1,10,3.9
1990:Q2,pct00to20,3.1,3,4,4.4,1.2,3,0.7,1.7,2.9,2.3,1.4,4.8,3.4
1990:Q3,pct99to100,16.2,14.6,8.1,12.9,31.2,3.5,11.1,29.7,18.5,5.2,4.8,2.9,22.2
1990:Q3,pct80to99,43.4,43.8,43.3,36.5,45.7,44.3,60.4,45.9,41.7,45.9,50.8,30.9,47.5
1990:Q3,pct60to80,16.9,18.3,20.6,22.8,11.5,24.7,16.3,10.4,16.2,26.4,25.7,30.4,16.8
1990:Q3,pct40to60,12.5,12.7,14.2,14,7.3,16.9,7.1,8.6,12.4,13.8,12,20.5,5.9
1990:Q3,pct20to40,7.8,7.6,9.7,9.5,2.9,7.6,4.4,3.7,8.2,6.4,5.1,10.4,4.2
1990:Q3,pct00to20,3.2,3.1,4.2,4.4,1.3,3,0.7,1.7,2.9,2.4,1.4,4.9,3.5
1990:Q4,pct99to100,16.5,14.9,8.2,12.6,31.5,3.6,11.3,30,18.7,5.3,4.9,2.8,23.3
1990:Q4,pct80to99,43.2,43.6,42.9,36.5,45.8,44.1,60.2,45.4,41.7,45.9,50.8,30.8,47.2
1990:Q4,pct60to80,16.9,18.2,20.6,22.8,11.3,24.8,16.9,10.6,16.1,26.3,25.7,30.1,16
1990:Q4,pct40to60,12.4,12.6,14.3,14.2,7.1,16.6,6.9,8.7,12.4,13.8,12,20.4,6.2
1990:Q4,pct20to40,7.7,7.5,9.7,9.5,3,7.8,4.1,3.6,8.1,6.4,5.1,10.8,4.1
1990:Q4,pct00to20,3.2,3.1,4.4,4.4,1.3,3,0.6,1.7,2.9,2.4,1.4,5.1,3.2
1991:Q1,pct99to100,16.7,15.2,8.2,12.4,32.1,3.7,11.5,30.3,18.6,5.4,5,2.5,24.5
1991:Q1,pct80to99,43.2,43.6,42.8,36.4,45.8,44,59.9,45,42,45.9,50.7,30.7,46.1
1991:Q1,pct60to80,16.9,18.2,20.5,22.6,11,24.9,17.5,10.8,15.9,26.1,25.7,29.6,15.4
1991:Q1,pct40to60,12.3,12.5,14.2,14.3,6.8,16.4,6.8,8.7,12.5,13.7,12,20.6,6.7
1991:Q1,pct20to40,7.6,7.4,9.7,9.7,2.9,8,3.8,3.5,8.1,6.4,5.1,11,4.2
1991:Q1,pct00to20,3.2,3.1,4.5,4.5,1.3,3.1,0.6,1.7,2.9,2.5,1.5,5.7,3.1
1991:Q2,pct99to100,16.6,15.1,8.3,12.2,31.3,3.8,11.6,30.6,18.6,5.5,5.2,2.4,25.8
1991:Q2,pct80to99,43.1,43.5,42.7,36.4,46.2,43.8,59.8,44.4,41.9,45.7,50.5,30.6,45.1
1991:Q2,pct60to80,17,18.3,20.5,22.6,11,25,17.9,11,15.9,25.9,25.6,29.2,15
1991:Q2,pct40to60,12.3,12.5,14.2,14.5,7.1,16.1,6.6,8.8,12.6,13.8,12.1,20.7,7
1991:Q2,pct20to40,7.6,7.5,9.7,9.8,3.1,8.2,3.5,3.4,8.1,6.5,5.1,11.3,4.2
1991:Q2,pct00to20,3.3,3.2,4.6,4.6,1.3,3.1,0.5,1.8,2.9,2.6,1.5,5.9,2.9
1991:Q3,pct99to100,16.7,15.1,8.4,11.6,31.2,3.8,11.8,30.9,18.5,5.7,5.4,2.3,25.8
1991:Q3,pct80to99,43,43.3,42.3,36.6,46.3,43.7,59.6,43.9,41.8,45.7,50.3,30.4,46.9
1991:Q3,pct60to80,17.1,18.3,20.5,22.6,10.9,25.2,18.4,11.3,15.9,25.5,25.3,28.7,13.9
1991:Q3,pct40to60,12.3,12.5,14.1,14.9,7,15.9,6.5,8.8,12.7,13.9,12.2,20.8,7.2
1991:Q3,pct20to40,7.6,7.5,9.9,9.8,3.2,8.4,3.2,3.2,8,6.6,5.2,11.8,3.9
1991:Q3,pct00to20,3.3,3.2,4.8,4.5,1.3,3.1,0.5,1.8,3,2.6,1.6,6,2.3
1991:Q4,pct99to100,17.1,15.5,8.5,11.3,32.3,3.9,12,31.1,18.6,5.8,5.6,2.2,25.8
1991:Q4,pct80to99,42.9,43.3,42,36.6,46.1,43.6,59.4,43.4,41.9,45.6,50.1,30.2,48.6
1991:Q4,pct60to80,17.1,18.2,20.5,22.5,10.6,25.3,18.9,11.6,15.8,25.3,25.2,28.4,12.9
1991:Q4,pct40to60,12.1,12.4,14.1,15.1,6.6,15.6,6.4,8.9,12.8,13.9,12.2,20.8,7.4
1991:Q4,pct20to40,7.5,7.4,9.9,9.9,3.1,8.5,2.9,3.1,7.9,6.7,5.2,12.2,3.6
1991:Q4,pct00to20,3.3,3.2,5,4.6,1.3,3.1,0.4,1.8,3,2.7,1.7,6,1.8
1992:Q1,pct99to100,16.8,15.3,8.5,11.2,31.4,4,12.2,31.4,18.4,6.1,5.8,2.1,27.5
1992:Q1,pct80to99,42.8,43.2,42,36.5,46.4,43.5,59.4,42.9,41.8,45.4,49.8,30,46.3
1992:Q1,pct60to80,17.3,18.3,20.5,22.4,10.7,25.4,19.2,11.8,15.8,24.9,24.9,27.8,12.7
1992:Q1,pct40to60,12.1,12.4,14,15.2,6.9,15.4,6.2,9,12.9,14,12.4,21.1,7.8
1992:Q1,pct20to40,7.5,7.4,9.8,10,3.3,8.6,2.7,3,7.9,6.8,5.3,12.6,3.8
1992:Q1,pct00to20,3.4,3.3,5.1,4.7,1.3,3.1,0.4,1.9,3.1,2.8,1.9,6.4,1.8
1992:Q2,pct99to100,16.6,15.1,8.6,11,30.7,3.8,12.3,31.8,18.2,6.3,6,2,27.8
1992:Q2,pct80to99,42.9,43.2,41.9,36.4,46.7,43.9,59.3,42.3,41.9,45.3,49.6,29.7,46.9
1992:Q2,pct60to80,17.4,18.4,20.4,22.3,10.7,25.1,19.6,12.1,15.8,24.5,24.6,27.3,12
1992:Q2,pct40to60,12.2,12.4,13.9,15.4,7.1,15.3,6,9,13.1,14.1,12.4,21.3,8.1
1992:Q2,pct20to40,7.5,7.5,9.8,10.1,3.4,8.8,2.4,2.9,7.9,6.9,5.3,13.2,3.7
1992:Q2,pct00to20,3.5,3.4,5.3,4.8,1.4,3.2,0.4,1.9,3.1,2.9,2,6.5,1.5
1992:Q3,pct99to100,16.5,15.1,8.6,10.3,30.5,3.6,12.5,32.2,18.2,6.4,6.1,1.9,29
1992:Q3,pct80to99,42.7,43.1,41.2,36.7,46.8,44.2,59.2,41.7,41.9,45.1,49.5,29.6,46
1992:Q3,pct60to80,17.4,18.4,20.5,22.3,10.7,24.8,20,12.4,15.7,24.4,24.5,27,11.6
1992:Q3,pct40to60,12.2,12.5,14,15.9,7.1,15.2,5.9,9.1,13.3,14.2,12.5,21.3,8.4
1992:Q3,pct20to40,7.6,7.5,10.1,10.1,3.5,9,2.2,2.7,7.8,7,5.3,13.6,3.7
1992:Q3,pct00to20,3.6,3.5,5.5,4.7,1.4,3.3,0.3,1.9,3.2,3,2,6.6,1.4
1992:Q4,pct99to100,16.9,15.4,8.7,10.3,31.7,3.5,12.3,32,18.7,6.4,6.1,1.9,29.1
1992:Q4,pct80to99,42.7,43,41.1,36.7,46.4,44.4,58.7,41.8,41.5,44.8,49.1,30,44.9
1992:Q4,pct60to80,17.3,18.3,20.5,22.4,10.6,24.7,19.8,12.3,15.7,24.5,24.7,26.9,11.8
1992:Q4,pct40to60,12.1,12.4,14.1,15.8,6.6,15.3,6.3,8.9,13.1,14.2,12.5,21.2,8.2
1992:Q4,pct20to40,7.5,7.5,10.1,10.1,3.4,8.9,2.3,2.9,7.9,7.1,5.5,13.5,4.5
1992:Q4,pct00to20,3.6,3.5,5.5,4.7,1.3,3.3,0.4,2.2,3.2,3,2.1,6.6,1.5
1993:Q1,pct99to100,17.1,15.6,8.7,11.2,31.9,3.4,12.2,31.9,19.2,6.3,6.1,1.6,28.1
1993:Q1,pct80to99,42.7,43,41.6,36.1,46.2,44.5,58.3,41.8,41.1,44.8,48.9,30.2,45.7
1993:Q1,pct60to80,17.3,18.2,20.6,22.3,10.7,24.5,19.7,12.2,15.7,24.4,24.7,26.4,11.8
1993:Q1,pct40to60,11.9,12.2,13.9,15.3,6.5,15.4,6.7,8.6,12.9,14.1,12.5,21.4,7.9
1993:Q1,pct20to40,7.5,7.4,9.8,10.3,3.4,8.9,2.5,3,7.9,7.2,5.6,13.2,5.1
1993:Q1,pct00to20,3.6,3.5,5.5,4.9,1.3,3.3,0.5,2.5,3.2,3.2,2.2,7.1,1.4
1993:Q2,pct99to100,17.2,15.7,8.7,11.1,31.9,3.2,12.1,31.8,19.5,6.3,6.1,1.5,28.3
1993:Q2,pct80to99,42.6,42.9,41.4,36.1,46.1,44.6,58,41.8,40.9,44.6,48.5,30.6,44.6
1993:Q2,pct60to80,17.2,18.2,20.7,22.5,10.8,24.4,19.6,12.1,15.7,24.5,24.9,26.2,12.1
1993:Q2,pct40to60,11.8,12.2,13.9,15.3,6.5,15.5,7.1,8.4,12.7,14.1,12.5,21.3,7.8
1993:Q2,pct20to40,7.5,7.5,9.9,10.2,3.5,9,2.7,3.1,8,7.2,5.7,13,5.7
1993:Q2,pct00to20,3.6,3.6,5.5,4.9,1.3,3.3,0.7,2.8,3.2,3.2,2.2,7.3,1.5
1993:Q3,pct99to100,17.3,15.8,8.7,10.9,32.2,3.1,12,31.7,19.9,6.2,6.1,1.4,27.2
1993:Q3,pct80to99,42.5,42.8,41.1,36.2,45.9,44.7,57.7,41.9,40.6,44.5,48.2,31,46.2
1993:Q3,pct60to80,17.2,18.2,20.8,22.6,10.9,24.3,19.4,12,15.6,24.7,25.2,26.2,11.9
1993:Q3,pct40to60,11.8,12.1,13.8,15.3,6.3,15.6,7.4,8.2,12.6,14,12.5,21.2,7.4
1993:Q3,pct20to40,7.6,7.5,10.1,10.1,3.5,9,2.8,3.2,8.1,7.3,5.8,12.9,6
1993:Q3,pct00to20,3.6,3.6,5.6,4.8,1.3,3.3,0.8,3,3.2,3.3,2.2,7.4,1.3
1993:Q4,pct99to100,17.5,16,8.7,10.9,32.5,3,12,31.7,20.4,6.2,6.1,1.5,26.5
1993:Q4,pct80to99,42.5,42.7,41,36.1,45.7,44.8,57.4,41.9,40.3,44.3,48,31.3,47
1993:Q4,pct60to80,17.1,18.2,20.9,22.7,10.9,24.1,19.2,11.9,15.6,24.8,25.3,26.3,11.8
1993:Q4,pct40to60,11.7,12,13.7,15.2,6.2,15.8,7.6,8,12.4,14,12.5,21,7.1
1993:Q4,pct20to40,7.6,7.6,10.1,10.1,3.5,9,2.9,3.3,8.1,7.4,5.9,12.8,6.4
1993:Q4,pct00to20,3.7,3.6,5.6,4.9,1.3,3.3,0.9,3.3,3.2,3.3,2.3,7.1,1.2
1994:Q1,pct99to100,17.5,15.9,8.7,11.4,31.7,2.9,11.9,31.6,21.2,6.1,6,1.3,26.4
1994:Q1,pct80to99,42.4,42.6,41.3,35.8,45.7,44.9,57.2,41.9,39.7,44.2,47.7,31.6,46.1
1994:Q1,pct60to80,17.1,18.2,20.9,22.7,11.2,24,19,11.8,15.6,24.9,25.5,26,12
1994:Q1,pct40to60,11.6,11.9,13.5,14.9,6.3,15.9,7.8,7.7,12.1,14,12.4,21,7.1
1994:Q1,pct20to40,7.6,7.6,10,10.2,3.7,9,3.1,3.4,8.1,7.5,6,12.6,7
1994:Q1,pct00to20,3.8,3.7,5.6,5,1.3,3.3,1,3.6,3.3,3.3,2.3,7.5,1.3
1994:Q2,pct99to100,17.5,15.9,8.7,11.4,31.3,2.8,11.9,31.6,21.8,6.1,6,1.3,26.3
1994:Q2,pct80to99,42.3,42.5,41.3,35.7,45.7,45,56.9,41.9,39.1,43.9,47.4,31.9,45.3
1994:Q2,pct60to80,17.2,18.3,21,22.8,11.4,23.9,18.9,11.6,15.6,25,25.6,26,12.3
1994:Q2,pct40to60,11.5,11.9,13.3,14.8,6.4,16,8.1,7.5,12,14,12.5,20.9,7
1994:Q2,pct20to40,7.7,7.7,10,10.2,3.9,9.1,3.2,3.4,8.2,7.6,6.2,12.5,7.6
1994:Q2,pct00to20,3.8,3.8,5.6,5.1,1.3,3.3,1.1,3.8,3.3,3.4,2.3,7.4,1.4
1994:Q3,pct99to100,17.6,16,8.6,11.2,31.3,2.7,11.9,31.6,22.4,6,6,1.3,26.5
1994:Q3,pct80to99,42.1,42.3,40.9,35.8,45.6,45.1,56.7,41.9,38.7,43.7,47.1,32.2,44.1
1994:Q3,pct60to80,17.1,18.3,21.2,22.9,11.6,23.8,18.8,11.5,15.5,25.1,25.7,26.1,12.6
1994:Q3,pct40to60,11.5,11.8,13.4,14.9,6.4,16.1,8.3,7.3,11.8,14,12.5,20.7,6.9
1994:Q3,pct20to40,7.7,7.7,10.2,10.1,3.9,9.1,3.3,3.5,8.2,7.8,6.3,12.5,8.3
1994:Q3,pct00to20,3.9,3.8,5.7,5,1.3,3.3,1.1,4.1,3.4,3.4,2.4,7.1,1.6
1994:Q4,pct99to100,17.8,16.1,8.6,11.2,30.9,2.6,11.9,31.6,23.2,6,6,1.5,25.5
1994:Q4,pct80to99,41.9,42.1,40.6,35.8,45.5,45.1,56.5,41.9,38.2,43.5,46.9,32.5,45.5
1994:Q4,pct60to80,17.1,18.3,21.3,23,11.8,23.6,18.5,11.4,15.5,25.2,25.8,26.3,12.4
1994:Q4,pct40to60,11.5,11.8,13.4,14.9,6.4,16.2,8.4,7.1,11.6,14,12.5,20.5,6.8
1994:Q4,pct20to40,7.8,7.8,10.3,10.1,4,9.1,3.4,3.6,8.2,7.9,6.4,12.6,8.4
1994:Q4,pct00to20,4,3.9,5.7,5,1.3,3.3,1.2,4.4,3.4,3.4,2.4,6.7,1.4
1995:Q1,pct99to100,17.9,16.2,8.6,11.3,31.4,2.5,11.9,31.5,23.5,6,6,1.3,26
1995:Q1,pct80to99,41.9,42.1,40.5,35.7,45.3,45.2,56.3,42,38.1,43.3,46.6,32.7,43.6
1995:Q1,pct60to80,17.1,18.2,21.4,23,11.7,23.5,18.5,11.3,15.4,25.3,26,26,12.9
1995:Q1,pct40to60,11.4,11.8,13.5,14.8,6.3,16.3,8.7,6.8,11.5,14,12.5,20.5,6.8
1995:Q1,pct20to40,7.8,7.8,10.3,10.1,4,9.1,3.5,3.7,8.2,8,6.5,12.4,9.2
1995:Q1,pct00to20,4,3.9,5.7,5.1,1.3,3.3,1.3,4.7,3.4,3.4,2.4,6.9,1.7
1995:Q2,pct99to100,18.2,16.4,8.7,11,31.9,2.5,11.8,31.4,23.9,5.9,5.9,1.3,25.8
1995:Q2,pct80to99,41.7,41.9,39.8,36,45.1,45,56.1,42,37.9,43.1,46.4,33,42.8
1995:Q2,pct60to80,17.1,18.3,21.6,23.2,11.7,23.9,18.5,11.2,15.2,25.5,26.2,26.1,13.1
1995:Q2,pct40to60,11.3,11.7,13.6,15,6.1,16.3,8.9,6.6,11.3,14,12.4,20.4,6.8
1995:Q2,pct20to40,7.8,7.8,10.5,10,3.9,9,3.5,3.9,8.3,8.1,6.6,12.4,9.6
1995:Q2,pct00to20,4,3.9,5.8,5,1.3,3.3,1.3,5,3.3,3.4,2.5,6.8,1.8
1995:Q3,pct99to100,18.5,16.7,8.6,10.8,32.5,2.6,11.7,31.4,24.3,5.9,5.9,1.4,24.8
1995:Q3,pct80to99,41.4,41.6,39,36.1,45,44.7,55.8,42,37.6,43,46.1,33.3,44.4
1995:Q3,pct60to80,17.1,18.3,21.8,23.3,11.6,24.3,18.5,11.1,15.2,25.5,26.3,26.2,12.9
1995:Q3,pct40to60,11.3,11.7,14,15.1,5.8,16.2,9.1,6.4,11.2,14,12.4,20.2,6.7
1995:Q3,pct20to40,7.7,7.8,10.7,9.9,3.8,9,3.6,3.9,8.4,8.2,6.7,12.4,9.6
1995:Q3,pct00to20,4,3.9,5.9,4.9,1.3,3.3,1.3,5.2,3.3,3.4,2.5,6.6,1.6
1995:Q4,pct99to100,18.7,16.9,8.8,10.7,32.9,2.6,11.5,31.2,24.1,5.9,5.9,1.5,25.9
1995:Q4,pct80to99,41.6,41.8,39.2,36.2,45.1,44.4,55.7,42.4,37.9,42.7,46.2,32.9,42.5
1995:Q4,pct60to80,17,18.2,21.7,23.2,11.4,24.7,19.1,11,15.1,25.8,26.4,26.7,13.6
1995:Q4,pct40to60,11.1,11.5,13.9,15.1,5.6,16.1,9,6.4,11.1,14,12.5,20.2,6.8
1995:Q4,pct20to40,7.7,7.7,10.6,9.9,3.7,9,3.4,4,8.4,8.2,6.6,12.4,9.2
1995:Q4,pct00to20,3.9,3.8,5.8,4.9,1.2,3.3,1.3,5,3.4,3.3,2.4,6.3,1.9
1996:Q1,pct99to100,18.7,16.9,8.8,10.6,32.9,2.7,11.3,31.1,23.9,5.9,5.9,1.4,25.3
1996:Q1,pct80to99,41.7,41.9,39.4,36.2,45.2,44.1,55.6,42.8,38.2,42.9,46.2,32.7,46.4
1996:Q1,pct60to80,17,18.3,21.7,23.1,11.3,25.1,19.6,10.8,15,25.8,26.5,26.8,13.2
1996:Q1,pct40to60,11,11.4,13.8,15.1,5.6,15.9,9,6.4,11,14,12.5,20.3,5.9
1996:Q1,pct20to40,7.7,7.7,10.5,10,3.7,9,3.3,4.1,8.4,8,6.6,12.2,7.8
1996:Q1,pct00to20,3.9,3.8,5.8,5,1.2,3.3,1.2,4.7,3.4,3.3,2.4,6.7,1.4
1996:Q2,pct99to100,18.7,16.9,8.8,10.3,33,2.8,11.1,30.9,23.9,5.9,5.9,1.4,25.9
1996:Q2,pct80to99,41.8,41.9,39.4,36.5,45.4,43.8,55.6,43.2,38,42.8,46.2,32.4,45.5
1996:Q2,pct60to80,17,18.3,21.7,23,11.2,25.4,20.1,10.7,15.1,25.9,26.6,27.1,13.7
1996:Q2,pct40to60,10.9,11.3,13.7,15.3,5.5,15.7,8.9,6.4,10.9,14.1,12.6,20.4,5.9
1996:Q2,pct20to40,7.7,7.7,10.6,10,3.7,9,3.3,4.2,8.5,7.9,6.5,12.1,7.3
1996:Q2,pct00to20,3.8,3.8,5.7,4.9,1.2,3.3,1.1,4.5,3.6,3.3,2.3,6.5,1.6
1996:Q3,pct99to100,18.7,16.8,8.9,10.1,32.7,2.9,10.9,30.8,24,6,5.9,1.5,26.7
1996:Q3,pct80to99,41.9,42,39.4,36.6,45.6,43.5,55.5,43.6,37.9,42.6,46.1,32.1,44.8
1996:Q3,pct60to80,17.1,18.4,21.7,22.9,11.3,25.8,20.5,10.6,15.1,26.1,26.6,27.4,14.2
1996:Q3,pct40to60,10.8,11.3,13.7,15.4,5.5,15.5,8.9,6.4,10.8,14.2,12.7,20.4,5.8
1996:Q3,pct20to40,7.7,7.7,10.6,10,3.8,9,3.2,4.3,8.6,7.9,6.5,12.1,6.8
1996:Q3,pct00to20,3.8,3.7,5.7,4.9,1.2,3.3,1.1,4.3,3.7,3.3,2.3,6.4,1.7
1996:Q4,pct99to100,18.9,17,9,10.2,32.8,2.9,10.9,30.8,24.2,6,5.9,1.5,27.2
1996:Q4,pct80to99,42,42,39.6,36.6,45.7,43.2,55.3,43.9,37.8,42.5,46.1,31.9,45.6
1996:Q4,pct60to80,17.1,18.4,21.6,22.8,11.2,26.2,21,10.5,15,26.2,26.6,27.7,14.3
1996:Q4,pct40to60,10.7,11.2,13.8,15.3,5.5,15.4,8.8,6.5,10.7,14.2,12.7,20.5,5.2
1996:Q4,pct20to40,7.6,7.6,10.4,10.1,3.7,9,3,4.3,8.6,7.8,6.4,12.1,6.1
1996:Q4,pct00to20,3.8,3.7,5.6,5,1.1,3.3,0.9,4,3.8,3.2,2.3,6.3,1.6
1997:Q1,pct99to100,18.8,17,9,10.1,32.6,3,10.6,30.8,24,6.1,5.9,1.4,27.2
1997:Q1,pct80to99,42,42.1,39.7,36.6,45.9,42.9,55.3,44.2,37.8,42.6,46.1,31.6,45.9
1997:Q1,pct60to80,17.2,18.5,21.7,22.7,11.2,26.6,21.4,10.4,15,26.2,26.6,27.7,14.5
1997:Q1,pct40to60,10.7,11.2,13.8,15.3,5.5,15.2,8.8,6.5,10.6,14.2,12.8,20.7,5.2
1997:Q1,pct20to40,7.6,7.7,10.3,10.2,3.8,9.1,2.9,4.3,8.7,7.7,6.4,11.9,5.5
1997:Q1,pct00to20,3.7,3.7,5.5,5.1,1.1,3.3,0.9,3.8,3.8,3.3,2.2,6.7,1.7
1997:Q2,pct99to100,19.2,17.4,9.1,9.9,33.6,3.1,10.4,30.7,23.9,6.1,5.9,1.4,27.1
1997:Q2,pct80to99,42.2,42.2,39.6,36.9,45.7,42.6,55.2,44.6,37.8,42.6,46.1,31.4,46.9
1997:Q2,pct60to80,17.1,18.4,21.7,22.6,10.9,26.9,22,10.2,15,26.2,26.7,27.9,14.6
1997:Q2,pct40to60,10.4,11,13.8,15.5,5.1,15,8.8,6.6,10.6,14.3,12.8,20.7,5
1997:Q2,pct20to40,7.5,7.5,10.3,10.2,3.5,9,2.8,4.3,8.8,7.6,6.4,11.9,4.8
1997:Q2,pct00to20,3.6,3.6,5.5,5,1.1,3.3,0.8,3.6,3.9,3.2,2.2,6.7,1.6
1997:Q3,pct99to100,19.4,17.5,9.1,9.6,34,3.2,10.2,30.7,23.8,6.1,5.9,1.4,27.1
1997:Q3,pct80to99,42.2,42.3,39.4,37.1,45.7,42.4,55.1,44.8,37.9,42.6,46,31.2,49.3
1997:Q3,pct60to80,17.1,18.4,21.8,22.5,10.7,27.3,22.5,10.1,14.9,26.3,26.7,28.1,14.3
1997:Q3,pct40to60,10.3,10.9,13.9,15.6,5,14.9,8.9,6.6,10.6,14.3,12.9,20.8,4.2
1997:Q3,pct20to40,7.4,7.4,10.3,10.2,3.4,9,2.7,4.3,8.9,7.5,6.3,11.8,3.9
1997:Q3,pct00to20,3.5,3.5,5.5,5,1.1,3.3,0.7,3.3,4,3.2,2.2,6.6,1.2
1997:Q4,pct99to100,19.5,17.7,9.1,9.8,34,3.3,10,30.8,23.9,6.2,5.9,1.5,27.3
1997:Q4,pct80to99,42.3,42.3,39.7,37,45.8,42.1,55.1,45.1,37.9,42.4,46,31,48.8
1997:Q4,pct60to80,17.1,18.4,21.8,22.4,10.7,27.6,22.8,10,14.9,26.3,26.6,28.3,14.7
1997:Q4,pct40to60,10.2,10.8,13.9,15.5,5,14.7,8.8,6.7,10.5,14.4,13,20.9,4.4
1997:Q4,pct20to40,7.4,7.4,10.1,10.3,3.4,9.1,2.6,4.3,8.9,7.5,6.3,11.9,3.6
1997:Q4,pct00to20,3.5,3.5,5.4,5.1,1.1,3.3,0.6,3.1,4,3.2,2.2,6.4,1.4
1998:Q1,pct99to100,19.9,18.1,9.2,9.6,34.8,3.3,9.9,30.7,23.8,6.2,6,1.4,27.3
1998:Q1,pct80to99,42.5,42.5,39.7,37.1,45.7,41.9,55.1,45.4,38.1,42.5,45.9,30.7,49.4
1998:Q1,pct60to80,17,18.3,21.9,22.3,10.4,28,23.2,9.9,14.8,26.2,26.6,28.3,14.8
1998:Q1,pct40to60,10,10.6,13.9,15.6,4.7,14.5,8.9,6.7,10.4,14.4,13,21.1,4.2
1998:Q1,pct20to40,7.2,7.2,10,10.3,3.2,9,2.5,4.4,8.9,7.4,6.3,11.8,3
1998:Q1,pct00to20,3.4,3.4,5.4,5.1,1,3.3,0.5,2.9,4.1,3.2,2.2,6.7,1.3
1998:Q2,pct99to100,19.9,18.1,9.2,9.4,34.8,3.5,9.6,30.7,23.9,6.3,6,1.5,27.4
1998:Q2,pct80to99,42.6,42.6,39.8,37.2,45.8,42.2,55,45.6,38,42.4,45.9,30.5,50.3
1998:Q2,pct60to80,17,18.3,21.9,22.2,10.4,28,23.5,9.8,14.8,26.3,26.6,28.6,14.8
1998:Q2,pct40to60,9.9,10.5,13.8,15.7,4.7,14.3,8.9,6.8,10.3,14.4,13.1,21.1,3.9
1998:Q2,pct20to40,7.2,7.2,10,10.3,3.3,8.9,2.4,4.4,8.9,7.4,6.3,11.8,2.5
1998:Q2,pct00to20,3.4,3.3,5.4,5.1,1,3.2,0.5,2.7,4.2,3.2,2.2,6.6,1.2
1998:Q3,pct99to100,19.4,17.5,9.2,8.8,33.5,3.6,9.3,30.7,24.3,6.3,6,1.5,28.2
1998:Q3,pct80to99,42.4,42.4,39.3,37.7,46.2,42.4,55.1,45.9,37.8,42.3,45.8,30.4,49.2
1998:Q3,pct60to80,17.2,18.5,22,22.2,10.7,27.9,23.8,9.7,14.7,26.4,26.6,28.8,15.3
1998:Q3,pct40to60,10.1,10.7,13.9,16,5,14.2,8.8,6.8,10.1,14.5,13.2,21.1,3.8
1998:Q3,pct20to40,7.4,7.4,10.1,10.2,3.5,8.8,2.4,4.4,8.8,7.3,6.2,11.7,2.1
1998:Q3,pct00to20,3.5,3.4,5.5,5,1,3.1,0.5,2.6,4.3,3.2,2.2,6.5,1.4
1998:Q4,pct99to100,19.9,18.1,9.3,9.4,34.3,3.5,9.6,30.7,24.2,6.3,6,1.7,28
1998:Q4,pct80to99,43,42.9,39.8,37.4,46.2,43,55.1,46.4,38.1,42.4,46,30.3,49.6
1998:Q4,pct60to80,16.9,18.2,21.9,22.1,10.5,27.6,23.7,9.6,14.8,26.2,26.4,28.6,14.5
1998:Q4,pct40to60,9.9,10.5,13.9,15.7,4.8,14.2,8.8,6.5,10.1,14.5,13.2,21,4
1998:Q4,pct20to40,7,7.1,9.9,10.4,3.2,8.7,2.4,4.4,8.6,7.4,6.2,11.9,2.4
1998:Q4,pct00to20,3.3,3.3,5.3,5.1,1.1,3.1,0.4,2.5,4.1,3.2,2.2,6.5,1.5
1999:Q1,pct99to100,19.6,17.8,9.4,9.4,33.6,3.4,9.7,30.6,24,6.4,6,1.8,28.1
1999:Q1,pct80to99,43.3,43.2,39.7,37.5,46.6,43.5,55.2,46.9,38.5,42.7,46.3,30.2,50.3
1999:Q1,pct60to80,17,18.2,21.9,22.1,10.6,27.2,23.5,9.5,14.9,26,26.3,28.3,13.6
1999:Q1,pct40to60,9.9,10.5,13.9,15.6,4.9,14.3,8.8,6.2,10.2,14.5,13.1,21,4
1999:Q1,pct20to40,7,7.1,9.9,10.4,3.1,8.6,2.4,4.4,8.5,7.3,6.2,12,2.5
1999:Q1,pct00to20,3.2,3.2,5.2,5,1.1,3,0.4,2.4,4,3.2,2.2,6.7,1.5
1999:Q2,pct99to100,19.8,17.9,9.4,9.8,33.7,3.3,9.8,30.7,23.8,6.4,6,2,26.7
1999:Q2,pct80to99,43.6,43.5,40.1,37.3,46.8,44,55.2,47.3,38.5,43,46.5,30.1,53.4
1999:Q2,pct60to80,16.9,18.1,21.8,22.1,10.5,26.9,23.4,9.3,15.1,25.7,26.1,28.1,12.2
1999:Q2,pct40to60,9.8,10.4,13.8,15.3,4.8,14.3,8.9,6,10.3,14.4,13.1,20.9,4
1999:Q2,pct20to40,6.9,6.9,9.8,10.5,3,8.5,2.4,4.3,8.4,7.3,6.1,12.1,2.5
1999:Q2,pct00to20,3.1,3.1,5.1,5,1.1,3,0.3,2.2,4,3.2,2.1,6.8,1.3
1999:Q3,pct99to100,19.4,17.6,9.4,9.7,32.8,3.3,9.9,31.1,23.7,6.4,6,2.2,26.8
1999:Q3,pct80to99,43.7,43.7,40.1,37.4,47.3,44.5,55.3,47.5,38.7,43.1,46.7,30.1,54.1
1999:Q3,pct60to80,16.9,18.1,21.8,22.1,10.7,26.5,23.1,9.2,15.2,25.5,25.9,28,11.4
1999:Q3,pct40to60,9.9,10.5,13.7,15.3,5.1,14.4,8.8,5.9,10.3,14.4,13.1,20.8,3.9
1999:Q3,pct20to40,6.9,7,9.9,10.5,3,8.4,2.5,4.2,8.2,7.4,6.1,12.2,2.5
1999:Q3,pct00to20,3.1,3.1,5.1,5,1.2,2.9,0.3,2.1,3.9,3.2,2.2,6.8,1.3
1999:Q4,pct99to100,20.2,18.3,9.5,10.1,33.8,3.2,10,31.1,23.8,6.5,6.1,2.5,24.7
1999:Q4,pct80to99,44,43.9,40.3,37.3,47.1,45,55.3,47.9,38.8,43.6,46.8,30,58.7
1999:Q4,pct60to80,16.6,17.8,21.7,22,10.5,26.2,23.1,9.1,15.3,25.1,25.6,27.8,9.8
1999:Q4,pct40to60,9.6,10.3,13.7,15.1,4.8,14.4,8.9,5.8,10.3,14.3,13.2,20.7,3.9
1999:Q4,pct20to40,6.6,6.7,9.8,10.6,2.7,8.3,2.5,4.1,8,7.4,6.1,12.5,2.2
1999:Q4,pct00to20,3,3,5,5,1.2,2.9,0.3,2,3.8,3.2,2.2,6.6,0.7
2000:Q1,pct99to100,20.1,18.3,9.6,10.2,33.7,3.2,10,31,23.6,6.6,6.2,2.7,23
2000:Q1,pct80to99,44.3,44.2,40.6,37.3,47.2,45.5,55.4,48.4,39.1,44,47,29.8,61.9
2000:Q1,pct60to80,16.6,17.7,21.6,22,10.4,25.9,22.9,9,15.4,24.6,25.3,27.4,8.7
2000:Q1,pct40to60,9.5,10.2,13.5,15,4.8,14.5,8.9,5.5,10.3,14.3,13.2,20.8,3.9
2000:Q1,pct20to40,6.5,6.6,9.8,10.6,2.7,8.2,2.5,4.2,7.9,7.4,6.1,12.7,2
2000:Q1,pct00to20,2.9,3,5,5,1.2,2.8,0.3,1.9,3.7,3.2,2.3,6.7,0.5
2000:Q2,pct99to100,19.7,17.9,9.7,10.3,32.8,3.1,10.1,31.3,23.3,6.7,6.2,2.9,24.1
2000:Q2,pct80to99,44.5,44.4,40.9,37.2,47.6,45.9,55.5,48.5,39.1,43.9,47.1,29.7,60.7
2000:Q2,pct60to80,16.7,17.8,21.5,21.9,10.6,25.5,22.8,8.9,15.6,24.4,25.1,27.3,8.3
2000:Q2,pct40to60,9.6,10.3,13.3,14.8,5,14.6,8.9,5.4,10.5,14.4,13.2,20.7,3.9
2000:Q2,pct20to40,6.5,6.7,9.7,10.7,2.7,8.1,2.5,4,7.9,7.5,6.1,12.9,2.4
2000:Q2,pct00to20,2.9,3,4.9,5,1.3,2.8,0.3,1.8,3.6,3.2,2.3,6.5,0.7
2000:Q3,pct99to100,19.5,17.7,9.7,10.2,32.3,3,10.2,31.6,23.3,6.7,6.2,3.2,24
2000:Q3,pct80to99,44.7,44.6,41,37.4,47.9,46.4,55.6,48.6,39.3,43.9,47.2,29.6,61.7
2000:Q3,pct60to80,16.7,17.8,21.5,22,10.7,25.2,22.6,8.8,15.7,24.3,24.9,27.2,7.5
2000:Q3,pct40to60,9.6,10.3,13.2,14.8,5.1,14.6,8.9,5.4,10.5,14.4,13.2,20.6,3.8
2000:Q3,pct20to40,6.5,6.6,9.8,10.7,2.7,8,2.5,3.9,7.7,7.5,6.1,13.1,2.4
2000:Q3,pct00to20,2.9,2.9,4.9,4.9,1.3,2.7,0.2,1.7,3.6,3.2,2.3,6.3,0.6
2000:Q4,pct99to100,18.9,17.2,9.7,10.5,30.7,3,10.2,31.7,23.8,6.8,6.3,3.5,26.4
2000:Q4,pct80to99,45,44.8,41.5,37.2,48.6,46.8,55.8,48.9,39.4,43.6,47.4,29.6,57.6
2000:Q4,pct60to80,16.8,17.9,21.4,21.9,11,24.9,22.4,8.7,15.7,24.3,24.7,27.2,7.4
2000:Q4,pct40to60,9.7,10.4,12.9,14.6,5.4,14.7,8.8,5.2,10.3,14.4,13.2,20.4,4.1
2000:Q4,pct20to40,6.6,6.7,9.7,10.8,2.8,8,2.5,3.9,7.4,7.7,6.1,13.3,3.1
2000:Q4,pct00to20,2.9,3,4.8,5,1.4,2.7,0.3,1.6,3.5,3.2,2.3,6,1.3
2001:Q1,pct99to100,18.3,16.6,9.8,10.8,29.3,2.9,10.2,31.8,23.5,6.8,6.3,3.6,28.8
2001:Q1,pct80to99,45.3,45.1,42,37.1,49.3,47.2,56,49.2,40,43.5,47.6,29.5,55
2001:Q1,pct60to80,17,18,21.3,21.9,11.3,24.6,22.1,8.6,15.6,24.2,24.5,26.9,6.8
2001:Q1,pct40to60,9.8,10.5,12.6,14.4,5.7,14.7,8.8,5.1,10.4,14.5,13.2,20.4,4.1
2001:Q1,pct20to40,6.7,6.8,9.6,10.8,2.9,7.9,2.6,3.8,7.3,7.7,6,13.4,3.6
2001:Q1,pct00to20,3,3,4.7,5,1.5,2.6,0.3,1.6,3.3,3.2,2.3,6.2,1.7
2001:Q2,pct99to100,18.4,16.8,9.9,10.9,29.6,2.7,10.3,31.9,23.3,6.8,6.2,3.7,28.6
2001:Q2,pct80to99,45.4,45.2,42.1,37.1,49.3,47.4,56,49.4,40,43.7,47.7,29.5,56.3
2001:Q2,pct60to80,16.9,17.9,21.3,21.8,11.2,24.6,22,8.5,15.7,24.1,24.5,26.8,5.9
2001:Q2,pct40to60,9.7,10.4,12.5,14.3,5.6,14.9,8.8,5,10.5,14.5,13.2,20.2,4
2001:Q2,pct20to40,6.6,6.8,9.6,10.9,2.8,7.8,2.6,3.8,7.2,7.7,6,13.4,3.6
2001:Q2,pct00to20,2.9,2.9,4.7,5,1.5,2.6,0.3,1.5,3.2,3.2,2.3,6.3,1.6
2001:Q3,pct99to100,17.8,16.2,10,10.8,27.5,2.6,10.3,32,23.7,6.9,6.3,3.9,25
2001:Q3,pct80to99,45.3,45.2,42,37.2,50.2,47.5,56.3,49.6,40.1,44.2,47.8,29.4,62.2
2001:Q3,pct60to80,17.2,18.2,21.3,21.8,11.7,24.6,21.7,8.4,15.8,23.7,24.3,26.6,4.9
2001:Q3,pct40to60,10,10.6,12.5,14.3,6.1,15,8.7,4.8,10.3,14.4,13.3,20.2,4
2001:Q3,pct20to40,6.7,6.9,9.6,10.9,2.9,7.8,2.6,3.7,6.9,7.7,6,13.6,3
2001:Q3,pct00to20,3,3,4.6,4.9,1.6,2.5,0.3,1.4,3.1,3.2,2.4,6.2,0.8
2001:Q4,pct99to100,18.3,16.6,10.2,11.1,29.3,2.6,10.3,32.1,23.3,6.7,6.3,3.6,28.5
2001:Q4,pct80to99,45.2,45,42.1,36.9,49.1,47,56.5,48.9,40.3,43.7,47.7,29.6,57.2
2001:Q4,pct60to80,17.2,18.2,21.2,21.9,11.3,25.3,21.8,8.7,15.9,24.1,24.5,26.9,4.8
2001:Q4,pct40to60,9.8,10.5,12.4,14.4,5.9,15,8.6,4.8,10.3,14.5,13.3,20.1,4.3
2001:Q4,pct20to40,6.6,6.8,9.5,10.7,2.8,7.6,2.6,3.9,7,7.8,6,13.5,3.5
2001:Q4,pct00to20,2.9,3,4.6,5,1.6,2.4,0.3,1.6,3.1,3.2,2.2,6.2,1.6
2002:Q1,pct99to100,18.4,16.7,10.4,11.5,30.1,2.5,10.3,32.3,23,6.8,6.5,3.5,28.4
2002:Q1,pct80to99,44.9,44.7,42.1,36.5,48.5,46.5,56.7,48.1,40.3,43.5,47.4,29.6,56.9
2002:Q1,pct60to80,17.4,18.4,21.1,22,11.3,26.1,21.9,9.1,16.2,23.9,24.3,26.7,4.7
2002:Q1,pct40to60,9.8,10.5,12.5,14.5,5.9,15.1,8.4,4.8,10.3,14.7,13.4,20.4,4.7
2002:Q1,pct20to40,6.5,6.7,9.3,10.6,2.7,7.5,2.5,4,7.1,7.8,6.1,13.6,3.4
2002:Q1,pct00to20,2.9,3,4.6,5,1.6,2.3,0.3,1.8,3.1,3.2,2.3,6.3,1.8
2002:Q2,pct99to100,18.3,16.5,10.7,11.9,29.9,2.5,10.1,32.5,22.7,6.8,6.6,3.3,29.8
2002:Q2,pct80to99,44.6,44.4,42.2,36.1,48.2,45.9,57.1,47.2,40.2,43.2,47.1,29.6,54.8
2002:Q2,pct60to80,17.7,18.7,21,22.1,11.4,26.8,21.8,9.4,16.5,23.9,24.2,26.6,4.3
2002:Q2,pct40to60,10,10.7,12.6,14.5,6.1,15.1,8.2,4.9,10.3,14.9,13.6,20.5,5.2
2002:Q2,pct20to40,6.5,6.7,9.1,10.4,2.7,7.5,2.4,4.1,7.1,7.9,6.2,13.7,3.6
2002:Q2,pct00to20,3,3,4.5,5.1,1.6,2.2,0.3,2,3.1,3.3,2.3,6.3,2.4
2002:Q3,pct99to100,17.9,16.1,10.9,11.9,28.9,2.5,10,32.7,22.5,6.8,6.7,3.1,30.7
2002:Q3,pct80to99,44.1,43.9,41.8,36,48.1,45.4,57.5,46.3,40.3,42.9,46.8,29.7,52.6
2002:Q3,pct60to80,18.1,19.1,20.9,22.2,11.7,27.5,21.7,9.7,16.7,24,24.2,26.7,4.2
2002:Q3,pct40to60,10.2,11,12.8,14.8,6.7,15.2,8,5,10.2,15,13.7,20.5,5.8
2002:Q3,pct20to40,6.6,6.9,9,10.2,2.9,7.4,2.4,4.2,7.2,8,6.3,13.7,3.7
2002:Q3,pct00to20,3,3.1,4.5,5,1.7,2.1,0.4,2.1,3.1,3.3,2.3,6.3,3
2002:Q4,pct99to100,18.1,16.3,11.2,12,30.3,2.5,9.9,32.7,22.1,6.8,6.7,2.9,30.6
2002:Q4,pct80to99,43.8,43.7,41.6,35.8,47.2,44.9,57.6,45.7,40.5,42.8,46.6,29.8,52.5
2002:Q4,pct60to80,18.3,19.2,20.9,22.3,11.5,28.1,21.9,10,16.9,24,24.2,26.7,3.8
2002:Q4,pct40to60,10.2,11,12.9,15,6.6,15.2,7.9,4.8,10.2,15.1,13.8,20.6,6.3
2002:Q4,pct20to40,6.6,6.8,9,10,2.7,7.3,2.3,4.4,7.2,8,6.4,13.7,3.5
2002:Q4,pct00to20,3,3.1,4.5,5,1.7,2,0.4,2.3,3.1,3.3,2.3,6.3,3.3
2003:Q1,pct99to100,18.1,16.3,11.3,12.4,30.7,2.4,9.8,33,21.9,6.7,6.8,2.7,29.1
2003:Q1,pct80to99,43.5,43.4,41.7,35.4,46.5,44.4,57.9,44.8,40.5,42.8,46.4,29.8,54.1
2003:Q1,pct60to80,18.6,19.4,20.9,22.4,11.5,28.8,21.9,10.3,17.1,24,24.2,26.6,3.7
2003:Q1,pct40to60,10.3,11.1,12.9,15,6.8,15.3,7.8,4.9,10.1,15.2,13.9,20.7,6.6
2003:Q1,pct20to40,6.5,6.8,8.8,9.9,2.7,7.2,2.3,4.5,7.3,8,6.4,13.6,3.1
2003:Q1,pct00to20,3,3.1,4.4,5,1.7,1.9,0.4,2.5,3.2,3.3,2.3,6.6,3.3
2003:Q2,pct99to100,18.9,16.9,11.5,12.6,32.9,2.4,9.8,33.3,21.9,6.7,6.9,2.5,23.2
2003:Q2,pct80to99,43.1,43.1,41.5,35.1,45.4,43.8,57.9,43.9,40.5,43.3,46.1,29.9,63.6
2003:Q2,pct60to80,18.6,19.4,20.8,22.5,11.1,29.5,22.1,10.6,17.3,23.8,24.2,26.6,3.5
2003:Q2,pct40to60,10.1,11,13.1,15.1,6.4,15.4,7.7,5.1,9.9,15.2,14,20.8,6.2
2003:Q2,pct20to40,6.3,6.6,8.6,9.7,2.5,7.1,2.2,4.5,7.2,7.8,6.4,13.6,1.8
2003:Q2,pct00to20,3,3,4.4,5,1.6,1.8,0.4,2.6,3.2,3.2,2.3,6.7,1.8
2003:Q3,pct99to100,19.3,17.2,11.7,12.6,34.3,2.3,9.7,33.5,21.8,6.7,7,2.3,24.1
2003:Q3,pct80to99,42.7,42.7,41.3,35,44.6,43.3,58,43.1,40.3,42.9,45.8,29.9,61.5
2003:Q3,pct60to80,18.7,19.5,20.8,22.6,10.9,30.2,22.2,10.8,17.6,23.8,24.2,26.6,3.1
2003:Q3,pct40to60,10.1,11,13.2,15.3,6.3,15.4,7.7,5.1,9.8,15.4,14.2,20.9,6.9
2003:Q3,pct20to40,6.2,6.5,8.6,9.5,2.4,7,2.1,4.6,7.2,7.9,6.5,13.7,1.9
2003:Q3,pct00to20,3,3,4.4,5,1.6,1.7,0.4,2.8,3.3,3.3,2.3,6.6,2.5
2003:Q4,pct99to100,19.9,17.7,11.9,12.7,36,2.3,9.6,33.7,21.8,6.8,7,2.2,26.9
2003:Q4,pct80to99,42.5,42.5,41.1,34.8,43.7,42.8,58,42.3,40.2,42.5,45.7,30,54.3
2003:Q4,pct60to80,18.7,19.5,20.8,22.7,10.6,30.8,22.3,11.1,17.8,23.9,24.2,26.7,5.1
2003:Q4,pct40to60,10,10.9,13.3,15.5,6,15.5,7.6,5.2,9.7,15.4,14.2,20.9,7.7
2003:Q4,pct20to40,6,6.4,8.5,9.3,2.2,6.9,2.1,4.7,7.2,8,6.5,13.7,2.4
2003:Q4,pct00to20,2.9,3,4.4,5,1.5,1.6,0.4,3,3.3,3.3,2.3,6.6,3.6
2004:Q1,pct99to100,20.6,18.4,12.1,12.9,37.2,2.3,9.5,34,23.5,6.8,7.1,2,26
2004:Q1,pct80to99,42,42.1,41.1,34.5,42.9,42.5,58.1,41.5,39.3,42.5,45.5,30,55.3
2004:Q1,pct60to80,18.7,19.6,20.8,22.8,10.4,31.4,22.4,11.3,17.8,23.9,24.2,26.6,4.9
2004:Q1,pct40to60,9.9,10.8,13.2,15.6,5.9,15.5,7.6,5.3,9.3,15.5,14.3,21,8
2004:Q1,pct20to40,5.8,6.2,8.3,9.2,2.1,6.8,2,4.7,6.8,7.9,6.6,13.6,2.1
2004:Q1,pct00to20,2.9,3,4.4,5,1.5,1.5,0.4,3.1,3.3,3.4,2.3,6.8,3.6
2004:Q2,pct99to100,20.8,18.6,12.3,12.8,38.1,2.4,9.5,34.5,23.2,6.8,7.2,1.8,24.8
2004:Q2,pct80to99,41.6,41.7,40.8,34.5,42.1,42.2,58.2,40.8,39.4,42.5,45.2,30,57
2004:Q2,pct60to80,18.9,19.7,20.8,22.9,10.3,31.6,22.5,11.4,18,23.8,24.1,26.5,4.7
2004:Q2,pct40to60,10,10.9,13.4,15.9,5.9,15.5,7.5,5.6,9.2,15.6,14.4,21.1,8.2
2004:Q2,pct20to40,5.8,6.1,8.3,9,2,6.7,2,4.6,6.8,7.9,6.6,13.7,1.8
2004:Q2,pct00to20,3,3,4.4,5,1.5,1.5,0.4,3.1,3.3,3.4,2.4,6.9,3.4
2004:Q3,pct99to100,21.1,18.8,12.4,13.1,39,2.6,9.4,34.9,23.2,6.7,7.2,1.7,24.3
2004:Q3,pct80to99,41.2,41.4,40.5,34.2,41.3,42,58.4,40.1,39.3,42.4,45.1,30.1,57.8
2004:Q3,pct60to80,18.9,19.7,20.8,23,10.2,31.9,22.6,11.5,18.2,23.9,24.2,26.6,3.8
2004:Q3,pct40to60,10.1,11,13.7,15.9,6,15.5,7.4,5.8,9.2,15.7,14.5,21.1,8.9
2004:Q3,pct20to40,5.7,6.1,8.1,8.9,1.9,6.6,1.9,4.5,6.8,8,6.7,13.7,1.5
2004:Q3,pct00to20,3,3,4.4,5,1.5,1.4,0.4,3.2,3.3,3.4,2.4,6.8,3.8
2004:Q4,pct99to100,21.5,19.1,12.3,12.8,39.5,2.8,9.6,34.7,24.1,6.6,7.1,1.7,23.3
2004:Q4,pct80to99,41.4,41.6,41.1,34.3,41.2,42.6,58,40.7,38.8,42.7,45.2,30.2,60.6
2004:Q4,pct60to80,18.6,19.4,20.7,23,10.2,31.1,22.4,11.3,18,24.1,24.4,27,4.2
2004:Q4,pct40to60,9.8,10.7,13.3,15.9,5.7,15.4,7.6,5.7,9.1,15.5,14.4,20.9,7.8
2004:Q4,pct20to40,5.6,6,8.1,8.9,1.9,6.6,2,4.2,6.7,7.8,6.5,13.6,1.2
2004:Q4,pct00to20,3.1,3.1,4.5,5,1.5,1.5,0.4,3.4,3.4,3.3,2.4,6.6,2.9
2005:Q1,pct99to100,21.5,19.1,12.2,12.7,39.6,2.9,9.7,34.6,24,6.4,6.8,1.5,24.3
2005:Q1,pct80to99,41.6,41.8,41.4,34.3,41,43.1,57.8,41.2,38.8,42.9,45.4,30.4,59.6
2005:Q1,pct60to80,18.3,19.3,20.7,23,10.3,30.3,22.3,11.1,17.8,24.5,24.8,27.3,4.4
2005:Q1,pct40to60,9.8,10.7,13.1,15.9,5.6,15.4,7.7,5.6,9.2,15.3,14.3,20.6,7.5
2005:Q1,pct20to40,5.7,6,7.9,9,2,6.7,2,3.9,6.8,7.6,6.4,13.2,1.3
2005:Q1,pct00to20,3.1,3.2,4.6,5,1.5,1.5,0.4,3.6,3.4,3.3,2.4,6.9,2.9
2005:Q2,pct99to100,21.7,19.2,12.1,12.7,39.9,3.1,9.9,34.7,24.5,6.4,6.7,1.5,25.6
2005:Q2,pct80to99,41.8,42,41.9,34.2,40.8,43.6,57.6,41.7,38.5,42.9,45.5,30.5,57.9
2005:Q2,pct60to80,18,19.1,20.6,22.9,10.3,29.6,22.2,10.8,17.6,24.8,25,27.7,5.3
2005:Q2,pct40to60,9.8,10.6,13,15.8,5.4,15.4,7.9,5.6,9.2,15.2,14.2,20.4,7
2005:Q2,pct20to40,5.6,5.9,7.8,9.2,2,6.8,2.1,3.6,6.8,7.4,6.2,13.1,1.5
2005:Q2,pct00to20,3.2,3.2,4.7,5.2,1.5,1.6,0.3,3.7,3.4,3.3,2.4,6.8,2.7
2005:Q3,pct99to100,21.9,19.3,12,12.5,40.2,3.2,10.1,34.7,24.4,6.3,6.5,1.5,26.4
2005:Q3,pct80to99,42,42.2,42.1,34.4,40.7,44.1,57.3,42.1,38.6,43,45.5,30.7,57
2005:Q3,pct60to80,17.6,18.8,20.6,22.9,10.3,28.8,22.1,10.5,17.4,25.1,25.2,28.1,6
2005:Q3,pct40to60,9.7,10.6,12.8,15.9,5.2,15.4,8,5.6,9.3,15,14.1,20.1,6.5
2005:Q3,pct20to40,5.6,5.9,7.7,9.3,2.1,6.9,2.2,3.3,6.9,7.3,6.1,12.9,1.6
2005:Q3,pct00to20,3.2,3.2,4.8,5.1,1.5,1.6,0.3,3.8,3.4,3.3,2.5,6.7,2.5
2005:Q4,pct99to100,21.9,19.3,11.9,12.2,40.4,3.4,10.3,34.6,24.6,6.3,6.4,1.5,28.9
2005:Q4,pct80to99,42.3,42.4,42.4,34.5,40.5,44.5,57.1,42.6,38.6,42.9,45.6,30.8,53
2005:Q4,pct60to80,17.3,18.6,20.5,22.9,10.4,28.1,22,10.3,17.1,25.4,25.4,28.4,7
2005:Q4,pct40to60,9.6,10.5,12.6,15.9,5,15.4,8.2,5.5,9.4,14.9,14.1,19.9,6.2
2005:Q4,pct20to40,5.6,5.9,7.7,9.3,2.1,6.9,2.2,3.1,6.9,7.2,6,12.9,2
2005:Q4,pct00to20,3.3,3.3,4.9,5.1,1.5,1.6,0.3,3.9,3.3,3.3,2.5,6.5,2.8
2006:Q1,pct99to100,22.5,19.8,11.7,12.3,40.9,3.5,10.4,34.5,25.1,6.2,6.3,1.5,28.7
2006:Q1,pct80to99,42.4,42.5,42.7,34.4,40.6,45,56.9,43,38.5,43.1,45.6,30.9,53.6
2006:Q1,pct60to80,16.9,18.3,20.5,22.9,10.3,27.4,21.9,10.1,16.8,25.5,25.6,28.7,7.8
2006:Q1,pct40to60,9.4,10.3,12.5,15.8,4.7,15.4,8.3,5.4,9.4,14.8,14,19.7,5.6
2006:Q1,pct20to40,5.5,5.8,7.6,9.5,2.1,7,2.2,2.9,6.9,7.1,5.9,12.8,2
2006:Q1,pct00to20,3.3,3.3,4.9,5.2,1.5,1.7,0.2,4.1,3.3,3.3,2.6,6.5,2.3
2006:Q2,pct99to100,22.4,19.7,11.6,12,41,3.7,10.6,34.4,25.2,6.2,6.2,1.4,28.9
2006:Q2,pct80to99,42.6,42.7,42.9,34.5,40.3,45.5,56.7,43.4,38.7,43.2,45.7,31,53.1
2006:Q2,pct60to80,16.7,18.2,20.5,22.9,10.4,26.7,21.8,9.9,16.6,25.7,25.8,29,8.5
2006:Q2,pct40to60,9.4,10.3,12.4,15.8,4.6,15.4,8.4,5.3,9.4,14.7,14,19.6,5.2
2006:Q2,pct20to40,5.6,5.8,7.6,9.5,2.2,7.1,2.3,2.7,6.9,6.9,5.7,12.6,2.2
2006:Q2,pct00to20,3.3,3.3,5,5.2,1.5,1.7,0.2,4.2,3.3,3.3,2.6,6.5,2.1
2006:Q3,pct99to100,22.6,19.8,11.5,11.7,41.2,3.8,10.7,34.4,25.5,6.1,6,1.4,29.2
2006:Q3,pct80to99,42.8,42.8,43.1,34.6,40.2,45.9,56.5,43.8,38.6,43.3,45.8,31.1,52.7
2006:Q3,pct60to80,16.4,18,20.4,22.9,10.4,26,21.7,9.8,16.3,25.9,26,29.2,9
2006:Q3,pct40to60,9.3,10.2,12.3,15.9,4.5,15.4,8.6,5.3,9.4,14.6,13.9,19.4,4.8
2006:Q3,pct20to40,5.6,5.8,7.7,9.6,2.2,7.1,2.3,2.5,6.9,6.8,5.6,12.4,2.3
2006:Q3,pct00to20,3.4,3.4,5,5.2,1.5,1.7,0.2,4.3,3.2,3.3,2.6,6.6,2
2006:Q4,pct99to100,22.9,20.1,11.3,11.6,41.6,4,10.9,34.3,25.5,6,5.9,1.4,27.9
2006:Q4,pct80to99,43,43.1,43.5,34.7,40.2,46.4,56.2,44.2,38.9,43.5,45.9,31.1,54.2
2006:Q4,pct60to80,16.1,17.8,20.4,22.9,10.4,25.3,21.6,9.6,16.1,26.1,26.2,29.4,9.3
2006:Q4,pct40to60,9.1,10,12.1,15.9,4.2,15.3,8.7,5.2,9.5,14.4,13.8,19.2,4.5
2006:Q4,pct20to40,5.5,5.7,7.6,9.7,2.2,7.2,2.4,2.3,6.9,6.7,5.5,12.4,2.4
2006:Q4,pct00to20,3.3,3.3,5.1,5.2,1.5,1.8,0.2,4.4,3.2,3.3,2.6,6.5,1.6
2007:Q1,pct99to100,23.3,20.4,11.2,11.7,41.8,4.1,11,34.1,25.9,6,5.9,1.4,29
2007:Q1,pct80to99,43.2,43.2,43.9,34.5,40.1,46.9,56.1,44.6,38.9,43.5,46,31.1,53.4
2007:Q1,pct60to80,15.8,17.5,20.3,22.9,10.4,24.7,21.6,9.5,15.7,26.2,26.2,29.4,9.8
2007:Q1,pct40to60,9,9.9,12,15.8,4,15.3,8.8,5,9.4,14.3,13.7,19.1,4
2007:Q1,pct20to40,5.5,5.7,7.6,9.8,2.2,7.2,2.4,2.2,6.8,6.6,5.5,12.2,2.4
2007:Q1,pct00to20,3.3,3.3,5.1,5.3,1.5,1.8,0.2,4.6,3.1,3.4,2.7,6.8,1.5
2007:Q2,pct99to100,23.5,20.5,11,11.6,42,4.2,11.1,34,26.3,5.9,5.8,1.4,27.3
2007:Q2,pct80to99,43.3,43.4,44.1,34.5,40,47.3,55.9,44.9,38.8,43.8,46.1,31.2,56.6
2007:Q2,pct60to80,15.6,17.4,20.3,22.9,10.4,24.3,21.5,9.3,15.5,26.2,26.4,29.7,9.5
2007:Q2,pct40to60,8.9,9.8,11.9,15.7,3.9,15.2,8.9,5,9.4,14.2,13.7,19,3.6
2007:Q2,pct20to40,5.4,5.6,7.5,9.9,2.2,7.2,2.4,2,6.8,6.5,5.4,12.2,2.1
2007:Q2,pct00to20,3.3,3.3,5.1,5.4,1.5,1.8,0.1,4.7,3.2,3.4,2.7,6.6,0.8
2007:Q3,pct99to100,23.7,20.6,10.8,11.4,42.2,4.2,11.2,33.9,26.9,5.9,5.6,1.4,30
2007:Q3,pct80to99,43.4,43.5,44.1,34.6,39.9,47.7,55.7,45.3,39,43.6,46.2,31.3,51.1
2007:Q3,pct60to80,15.4,17.3,20.3,22.9,10.5,24,21.5,9.2,15.2,26.5,26.5,29.8,10.8
2007:Q3,pct40to60,8.8,9.7,12,15.7,3.7,15.1,9,4.8,9.2,14.1,13.6,18.8,3.5
2007:Q3,pct20to40,5.4,5.6,7.6,10,2.3,7.2,2.5,1.9,6.6,6.5,5.3,12.1,3
2007:Q3,pct00to20,3.3,3.3,5.2,5.4,1.5,1.7,0.1,4.9,3.1,3.4,2.7,6.6,1.6
2007:Q4,pct99to100,23.3,20.3,11,11.4,41.5,4.2,11.2,33.5,26.6,5.8,5.7,1.5,28.5
2007:Q4,pct80to99,43.9,43.9,44.5,34.6,40.3,48.1,56.4,45.3,39.9,43.6,46.1,31.5,51.4
2007:Q4,pct60to80,15.2,17.1,20,22.7,10.4,24,20.9,9.2,14.9,26.3,26.3,29.5,11
2007:Q4,pct40to60,8.8,9.7,11.7,15.8,3.9,15,8.9,4.9,9.1,14.2,13.7,18.7,3.8
2007:Q4,pct20to40,5.4,5.6,7.6,10,2.3,7.1,2.4,2,6.4,6.5,5.4,12,3.1
2007:Q4,pct00to20,3.4,3.4,5.2,5.5,1.6,1.7,0.2,5.1,3.1,3.6,2.8,6.8,2.1
2008:Q1,pct99to100,22.9,19.8,11,11.1,40.7,4.1,11.2,32.9,26.5,5.8,5.7,1.5,25.9
2008:Q1,pct80to99,44.2,44.1,44.4,34.7,40.7,48.4,57.1,45.4,40.6,43.7,46.1,31.6,54
2008:Q1,pct60to80,15.1,17.1,19.8,22.6,10.4,24,20.3,9.3,14.6,25.9,26.1,28.9,10.8
2008:Q1,pct40to60,8.8,9.8,11.8,15.9,4.1,14.9,8.7,4.8,9,14.2,13.7,18.8,4.1
2008:Q1,pct20to40,5.5,5.7,7.8,10,2.4,6.9,2.3,2.2,6.3,6.5,5.5,11.8,2.9
2008:Q1,pct00to20,3.4,3.5,5.2,5.7,1.8,1.7,0.3,5.4,3.1,3.7,2.9,7.3,2.3
2008:Q2,pct99to100,22.5,19.5,11.1,10.7,39.9,4.1,11.2,32.6,26.3,5.9,5.8,1.7,28.1
2008:Q2,pct80to99,44.4,44.2,44.2,34.9,41.3,48.7,57.8,45.3,40.6,43.4,46,31.7,49.3
2008:Q2,pct60to80,15.1,17,19.7,22.6,10.2,24,19.8,9.3,14.6,25.7,25.7,28.5,12.1
2008:Q2,pct40to60,8.9,9.9,12,16.1,4.2,14.8,8.6,4.9,9.1,14.4,13.8,18.9,4.2
2008:Q2,pct20to40,5.5,5.7,7.9,10,2.4,6.8,2.3,2.3,6.3,6.7,5.6,11.9,3.2
2008:Q2,pct00to20,3.5,3.6,5.2,5.7,1.9,1.7,0.3,5.6,3.2,3.9,3.1,7.3,3.2
2008:Q3,pct99to100,21.9,18.9,11.1,10.6,38.6,4,11.2,32.1,26.1,5.9,5.8,1.7,23
2008:Q3,pct80to99,44.6,44.4,44,35,41.8,49,58.7,45.3,40.9,43.8,46,31.9,55
2008:Q3,pct60to80,15.1,17,19.5,22.5,10.3,24,19.1,9.3,14.4,25.3,25.6,28.1,11.1
2008:Q3,pct40to60,9.2,10.1,12.1,16.2,4.5,14.7,8.4,4.9,9.1,14.3,13.8,18.9,4.6
2008:Q3,pct20to40,5.7,5.9,8,10,2.5,6.6,2.2,2.5,6.2,6.7,5.7,11.7,3
2008:Q3,pct00to20,3.6,3.7,5.3,5.8,2.2,1.6,0.4,5.9,3.2,4,3.1,7.8,3.3
2008:Q4,pct99to100,20.9,18,11.1,10.6,36.4,4,11.3,31.5,25.8,6,5.8,1.7,32.1
2008:Q4,pct80to99,45.1,44.7,44.1,35,42.4,49.3,59.8,45.3,41.3,42.9,46.1,32,33.2
2008:Q4,pct60to80,15.1,17.1,19.3,22.3,10.6,24,18.1,9.4,14.1,25.5,25.4,27.6,15.7
2008:Q4,pct40to60,9.4,10.4,12.1,16.2,5.1,14.7,8.2,4.9,9.4,14.5,13.9,18.9,5.6
2008:Q4,pct20to40,5.9,6.1,8.1,10,2.8,6.5,2.1,2.6,6.2,6.9,5.8,11.6,5.5
2008:Q4,pct00to20,3.7,3.8,5.3,5.9,2.7,1.6,0.6,6.3,3.2,4.3,3.2,8.2,7.8
2009:Q1,pct99to100,20.2,17.4,11.1,10.5,34.8,3.9,11.2,30.9,25.4,5.9,5.8,1.6,34
2009:Q1,pct80to99,45.4,44.9,44.1,35,43.2,49.5,60.7,45.4,41.5,42.8,46.1,32.2,28
2009:Q1,pct60to80,15,17,19.2,22.2,10.5,23.9,17.4,9.4,14,25.3,25.2,27,17.5
2009:Q1,pct40to60,9.6,10.6,12.1,16.3,5.5,14.6,8,4.8,9.5,14.6,13.9,19,5.9
2009:Q1,pct20to40,6,6.2,8.2,10,3,6.4,2,2.9,6.2,6.9,5.8,11.3,5.8
2009:Q1,pct00to20,3.8,3.9,5.3,6,3,1.6,0.7,6.7,3.3,4.5,3.2,9,8.8
2009:Q2,pct99to100,20.2,17.4,11.1,10.2,35.6,3.9,11.2,30,24.5,5.9,5.8,1.6,31.3
2009:Q2,pct80to99,45.8,45.2,43.8,35.2,44,49.8,61,45.5,42.3,42.9,46,32.3,29.8
2009:Q2,pct60to80,14.9,16.8,19,22.1,9.9,23.9,17.3,9.5,13.9,25,24.9,26.5,17.4
2009:Q2,pct40to60,9.5,10.5,12.3,16.4,5,14.5,8,4.6,9.6,14.6,13.9,19,6.3
2009:Q2,pct20to40,5.9,6.1,8.3,10,2.7,6.3,1.9,3.1,6.4,6.9,5.9,11.2,5.8
2009:Q2,pct00to20,3.7,3.9,5.4,6.1,2.8,1.5,0.7,7.2,3.3,4.7,3.3,9.3,9.4
2009:Q3,pct99to100,20.6,17.8,11.1,9.9,36.2,3.8,11.1,29.6,24.7,5.9,5.8,1.6,28.7
2009:Q3,pct80to99,46,45.4,43.7,35.4,44.6,50.1,61.3,45.4,42.1,43,46.1,32.5,31.8
2009:Q3,pct60to80,14.7,16.6,18.8,22.1,9.4,23.9,17.2,9.5,13.9,24.7,24.7,26.1,17.1
2009:Q3,pct40to60,9.4,10.3,12.4,16.6,4.7,14.4,7.9,4.8,9.6,14.6,13.9,19.1,6.5
2009:Q3,pct20to40,5.7,6,8.4,9.9,2.4,6.2,1.8,3.3,6.3,7,6,11,5.7
2009:Q3,pct00to20,3.7,3.9,5.5,6.1,2.7,1.5,0.7,7.4,3.4,4.8,3.4,9.8,10
2009:Q4,pct99to100,20.4,17.7,11.2,9.9,35.8,3.8,11,29.2,24.3,5.9,5.9,1.6,26
2009:Q4,pct80to99,46.3,45.7,43.7,35.4,45.2,50.4,61.7,45.4,42.5,43.1,46.1,32.6,35.1
2009:Q4,pct60to80,14.6,16.4,18.6,21.9,9.2,23.9,16.9,9.5,13.8,24.3,24.4,25.6,16.7
2009:Q4,pct40to60,9.3,10.4,12.5,16.6,4.7,14.4,7.9,4.8,9.7,14.7,14,19.1,6.7
2009:Q4,pct20to40,5.7,5.9,8.4,10,2.4,6.1,1.8,3.4,6.3,7,6.1,11,5.5
2009:Q4,pct00to20,3.7,3.9,5.5,6.2,2.7,1.5,0.7,7.7,3.4,5,3.5,10.2,10.1
2010:Q1,pct99to100,20.4,17.8,11.3,9.7,35.7,3.8,11,29.1,24.2,5.9,6,1.6,22.5
2010:Q1,pct80to99,46.5,45.9,43.8,35.5,45.7,50.6,62.1,45.2,42.5,43.1,46.1,32.7,36.5
2010:Q1,pct60to80,14.5,16.2,18.4,21.8,8.9,24,16.6,9.5,13.8,23.8,24.1,24.8,15.7
2010:Q1,pct40to60,9.3,10.3,12.4,16.7,4.6,14.2,7.8,5.1,9.8,14.7,14,19.3,7
2010:Q1,pct20to40,5.6,5.8,8.5,10,2.3,5.9,1.7,3.5,6.3,7.1,6.3,10.8,6.1
2010:Q1,pct00to20,3.6,3.9,5.6,6.3,2.8,1.5,0.8,7.8,3.6,5.3,3.6,10.8,12.1
2010:Q2,pct99to100,20.1,17.4,11.3,9.6,34.4,3.7,11,29.3,24.3,6,6,1.7,21.3
2010:Q2,pct80to99,46.7,46,43.7,35.5,46.6,50.9,63,44.8,42.4,43.2,46,32.8,37.3
2010:Q2,pct60to80,14.5,16.2,18.2,21.7,8.8,24,16,9.4,13.7,23.5,23.8,24.3,15.6
2010:Q2,pct40to60,9.5,10.4,12.6,16.8,4.8,14.2,7.6,5.4,9.7,14.7,14.1,19.4,7.1
2010:Q2,pct20to40,5.5,5.8,8.5,10,2.4,5.8,1.6,3.4,6.2,7.2,6.4,10.8,6.1
2010:Q2,pct00to20,3.7,4.1,5.7,6.4,3,1.5,0.9,7.6,3.7,5.5,3.7,11.1,12.6
2010:Q3,pct99to100,20.3,17.7,11.3,9.3,34.9,3.7,10.9,29.3,24.2,6,6.1,1.8,20.6
2010:Q3,pct80to99,46.8,46.1,43.2,35.7,46.8,51.1,63.2,44.6,42.6,43.2,46,32.9,37.7
2010:Q3,pct60to80,14.4,16,18.2,21.6,8.5,24.1,15.9,9.4,13.6,23.2,23.5,23.8,16.1
2010:Q3,pct40to60,9.4,10.4,12.9,17,4.6,14.1,7.6,5.7,9.7,14.8,14.1,19.4,7.2
2010:Q3,pct20to40,5.4,5.7,8.6,9.9,2.2,5.6,1.5,3.5,6.1,7.2,6.5,10.7,5.8
2010:Q3,pct00to20,3.7,4.1,5.8,6.5,2.9,1.5,0.9,7.6,3.8,5.6,3.8,11.4,12.6
2010:Q4,pct99to100,20.6,18,11.4,9.8,35.5,3.5,10.8,30.1,23.9,6,6.1,1.9,20.8
2010:Q4,pct80to99,47.1,46.4,43.9,35.6,46.7,51,62.7,44.4,43.2,43.3,46.3,32.9,39.5
2010:Q4,pct60to80,14.4,16,18.1,21.6,8.5,24.4,16.5,9.3,13.6,23.2,23.4,24.3,15
2010:Q4,pct40to60,9.1,10.1,12.4,16.7,4.5,14,7.6,5.5,9.5,14.6,13.9,19.2,6.9
2010:Q4,pct20to40,5.2,5.6,8.6,10,2.1,5.6,1.6,3.3,6.1,7.3,6.5,11.1,5.5
2010:Q4,pct00to20,3.5,3.9,5.6,6.4,2.7,1.5,0.8,7.3,3.6,5.5,3.7,10.7,12.4
2011:Q1,pct99to100,21,18.4,11.5,10,36,3.3,10.8,30.9,24,6.1,6.1,1.8,20.6
2011:Q1,pct80to99,47.1,46.5,44.1,35.6,46.6,50.9,62.4,44.2,43.3,43.6,46.5,32.8,42.9
2011:Q1,pct60to80,14.5,16,18.1,21.6,8.5,24.6,16.8,9.3,13.6,23,23.4,24.1,13.8
2011:Q1,pct40to60,8.9,9.9,12.2,16.4,4.4,14,7.6,5.2,9.4,14.5,13.8,19.3,6.5
2011:Q1,pct20to40,5.2,5.5,8.5,10,2.1,5.7,1.6,3.2,6.1,7.3,6.5,11.1,4.8
2011:Q1,pct00to20,3.4,3.8,5.5,6.3,2.5,1.5,0.8,7.1,3.6,5.5,3.6,10.8,11.5
2011:Q2,pct99to100,21.1,18.5,11.6,10.4,36,3.1,10.8,31.7,24.1,6.1,6.2,1.8,21.6
2011:Q2,pct80to99,47.1,46.5,44.3,35.5,46.7,50.8,62.2,44.1,43.6,43.8,46.7,32.9,43
2011:Q2,pct60to80,14.6,16,18.2,21.6,8.5,24.9,17.1,9.3,13.6,23.1,23.4,24.2,13.4
2011:Q2,pct40to60,8.8,9.7,12.1,16.1,4.4,14,7.5,5,9.2,14.4,13.6,19.2,6.3
2011:Q2,pct20to40,5.1,5.5,8.4,10,2,5.8,1.6,3.1,6,7.3,6.5,11.2,4.5
2011:Q2,pct00to20,3.3,3.7,5.4,6.3,2.4,1.5,0.8,6.8,3.6,5.4,3.6,10.6,11.2
2011:Q3,pct99to100,20.6,18,11.7,10.5,34.6,2.9,10.8,32.5,24.3,6.1,6.2,1.8,22.6
2011:Q3,pct80to99,47,46.5,44.1,35.7,47.4,50.7,62.5,43.9,43.5,43.8,47,32.8,41.2
2011:Q3,pct60to80,14.9,16.3,18.4,21.7,8.5,25.1,17,9.3,13.7,23.1,23.4,24.3,13.1
2011:Q3,pct40to60,8.9,9.9,12,16,4.8,14,7.3,4.8,9.1,14.3,13.5,19.2,6.3
2011:Q3,pct20to40,5.2,5.6,8.5,10,2.2,5.9,1.6,3,5.8,7.4,6.5,11.4,4.7
2011:Q3,pct00to20,3.4,3.7,5.4,6.2,2.6,1.5,0.8,6.5,3.6,5.4,3.5,10.5,12.2
2011:Q4,pct99to100,20.9,18.3,11.7,10.8,35.1,2.7,10.7,33.4,24.2,6.2,6.2,1.8,24.1
2011:Q4,pct80to99,47.1,46.5,44.3,35.6,47.3,50.6,62.1,43.7,43.7,43.7,47.2,32.8,37.9
2011:Q4,pct60to80,14.9,16.3,18.4,21.7,8.5,25.4,17.4,9.3,13.7,23.2,23.5,24.5,13
2011:Q4,pct40to60,8.7,9.7,11.8,15.8,4.7,13.9,7.3,4.6,9,14.1,13.3,19.1,6.3
2011:Q4,pct20to40,5.1,5.5,8.4,10,2.1,6,1.7,2.9,5.8,7.4,6.4,11.5,5
2011:Q4,pct00to20,3.2,3.6,5.3,6.1,2.4,1.5,0.8,6.2,3.5,5.4,3.4,10.3,13.7
2012:Q1,pct99to100,21.3,18.8,11.8,11.3,36,2.5,10.6,34.1,24,6.2,6.2,1.8,24.1
2012:Q1,pct80to99,47.2,46.6,44.6,35.5,47,50.5,61.6,43.5,44,44,47.4,32.8,40.5
2012:Q1,pct60to80,14.9,16.3,18.5,21.6,8.4,25.7,18,9.3,13.8,23,23.4,24.3,12
2012:Q1,pct40to60,8.5,9.4,11.6,15.4,4.4,13.9,7.3,4.3,8.9,14,13.1,19.1,6
2012:Q1,pct20to40,5,5.4,8.3,10,2,6.1,1.7,2.8,5.8,7.4,6.4,11.6,4.5
2012:Q1,pct00to20,3.1,3.5,5.2,6.1,2.2,1.5,0.7,6,3.5,5.3,3.4,10.4,12.9
2012:Q2,pct99to100,21.4,18.8,11.9,11.5,35.7,2.3,10.7,35,24.5,6.3,6.3,1.8,25.3
2012:Q2,pct80to99,47,46.5,44.6,35.6,47.2,50.4,61.6,43.3,43.7,44.1,47.6,32.8,39.5
2012:Q2,pct60to80,15.1,16.4,18.6,21.7,8.5,25.9,18.1,9.3,13.9,23.1,23.5,24.5,11.6
2012:Q2,pct40to60,8.5,9.4,11.6,15.3,4.5,13.8,7.2,4.1,8.7,13.9,12.9,19,5.9
2012:Q2,pct20to40,5,5.4,8.2,10,2,6.2,1.7,2.6,5.7,7.5,6.4,11.8,4.4
2012:Q2,pct00to20,3.1,3.4,5.1,6,2.1,1.5,0.7,5.7,3.5,5.2,3.3,10.1,13.3
2012:Q3,pct99to100,21.7,19.2,12,11.7,36.2,2.1,10.6,35.9,24.4,6.3,6.2,1.8,25.8
2012:Q3,pct80to99,47,46.6,44.7,35.6,47.1,50.3,61.2,43.1,44,44.2,47.9,32.8,39.8
2012:Q3,pct60to80,15.1,16.4,18.7,21.7,8.4,26.1,18.5,9.2,13.9,23.2,23.6,24.7,11
2012:Q3,pct40to60,8.3,9.2,11.4,15.1,4.4,13.8,7.2,4,8.6,13.7,12.7,18.9,5.7
2012:Q3,pct20to40,4.9,5.3,8.2,10,1.9,6.2,1.7,2.5,5.7,7.5,6.4,11.9,4.3
2012:Q3,pct00to20,3,3.3,5.1,5.9,2,1.5,0.7,5.3,3.5,5.2,3.2,10,13.4
2012:Q4,pct99to100,21.8,19.3,12.1,11.9,36.2,1.9,10.6,36.7,24.6,6.4,6.3,1.8,27.8
2012:Q4,pct80to99,47,46.6,44.9,35.7,47.2,50.1,61,42.9,44,44.1,48.1,32.8,36.4
2012:Q4,pct60to80,15.2,16.5,18.8,21.7,8.4,26.4,18.8,9.2,13.9,23.2,23.5,24.8,10.9
2012:Q4,pct40to60,8.2,9.1,11.2,14.9,4.4,13.8,7.1,3.8,8.4,13.7,12.6,18.9,5.7
2012:Q4,pct20to40,4.8,5.3,8.1,10,1.9,6.3,1.8,2.4,5.6,7.6,6.4,12.2,4.5
2012:Q4,pct00to20,2.9,3.3,5,5.8,1.9,1.5,0.7,5,3.4,5.1,3.1,9.5,14.8
2013:Q1,pct99to100,22.2,19.7,12.2,12.3,37.1,1.8,10.6,37.5,24.5,6.2,6.1,1.6,27.6
2013:Q1,pct80to99,47,46.6,45.2,35.6,46.9,50.1,60.6,42.7,44.1,44.5,48.6,32.8,38.3
2013:Q1,pct60to80,15.2,16.5,18.8,21.7,8.4,26.6,19.3,9.2,13.9,23.4,23.8,25,10
2013:Q1,pct40to60,8,8.8,10.9,14.6,4.2,13.7,7.2,3.6,8.4,13.4,12.3,18.8,5.4
2013:Q1,pct20to40,4.7,5.2,8,10,1.8,6.3,1.8,2.3,5.6,7.5,6.3,12,4.2
2013:Q1,pct00to20,2.8,3.1,4.9,5.8,1.7,1.5,0.6,4.8,3.4,5.1,2.9,9.9,14.4
2013:Q2,pct99to100,22.3,19.8,12.3,12.5,37.2,1.6,10.6,38.4,24.5,6.2,6.2,1.6,27.8
2013:Q2,pct80to99,47,46.6,45.2,35.6,47,50.2,60.4,42.4,44.1,44.7,48.8,32.9,39
2013:Q2,pct60to80,15.3,16.6,18.8,21.7,8.4,26.7,19.6,9.1,14,23.4,23.8,25.2,9.4
2013:Q2,pct40to60,7.9,8.8,10.8,14.4,4.2,13.6,7.1,3.6,8.3,13.2,12.1,18.7,5.3
2013:Q2,pct20to40,4.7,5.1,7.9,10,1.7,6.4,1.8,2.1,5.6,7.5,6.3,12.1,4
2013:Q2,pct00to20,2.7,3.1,4.9,5.7,1.6,1.5,0.6,4.4,3.4,5,2.8,9.6,14.6
2013:Q3,pct99to100,22.5,20,12.4,12.6,37.5,1.5,10.5,39.2,24.5,6.3,6.2,1.6,29
2013:Q3,pct80to99,47,46.6,45.2,35.8,46.9,50.4,60,42.2,44.2,44.8,49,32.9,38.4
2013:Q3,pct60to80,15.4,16.6,18.9,21.8,8.4,26.8,20,9.1,14.1,23.5,23.9,25.3,8.9
2013:Q3,pct40to60,7.9,8.7,10.8,14.3,4.1,13.5,7.1,3.5,8.2,13.1,11.9,18.6,5.1
2013:Q3,pct20to40,4.6,5.1,7.8,10,1.7,6.4,1.8,1.9,5.6,7.5,6.2,12.2,3.8
2013:Q3,pct00to20,2.7,3,4.9,5.5,1.4,1.5,0.6,4,3.4,4.9,2.7,9.4,14.8
2013:Q4,pct99to100,22.7,20.3,12.6,12.8,38.1,1.6,10.7,39.2,24.5,6.3,6.2,1.9,24.3
2013:Q4,pct80to99,47,46.8,45.3,35.6,46.8,50.5,59.8,42.5,44.3,45.2,49.1,32.6,48
2013:Q4,pct60to80,15.3,16.5,18.9,21.8,8.2,26.9,20,8.8,14,23.3,23.9,25.5,8
2013:Q4,pct40to60,7.8,8.6,10.7,14.4,3.9,13.3,7.1,3.4,8.3,13,11.9,18.6,4.6
2013:Q4,pct20to40,4.6,5,7.8,10,1.6,6.2,1.8,2,5.6,7.4,6.2,12.3,2.9
2013:Q4,pct00to20,2.6,2.9,4.8,5.6,1.4,1.5,0.6,4,3.3,4.8,2.7,9.1,12.2
2014:Q1,pct99to100,23.1,20.6,12.7,13.1,38.6,1.6,10.8,39.3,24.6,6.4,6.3,2,24
2014:Q1,pct80to99,47.1,46.8,45.4,35.3,46.8,50.6,59.7,42.8,44.4,45.2,49.1,32.2,49
2014:Q1,pct60to80,15.1,16.3,18.8,21.7,8,26.9,20,8.6,13.8,23.1,23.7,25.4,8
2014:Q1,pct40to60,7.7,8.5,10.7,14.3,3.7,13.3,7.1,3.2,8.4,13,11.8,18.8,4.5
2014:Q1,pct20to40,4.5,4.9,7.7,10,1.6,6.2,1.8,2.1,5.5,7.4,6.2,12.3,2.7
2014:Q1,pct00to20,2.5,2.9,4.7,5.6,1.4,1.4,0.6,4,3.2,4.8,2.8,9.2,11.8
2014:Q2,pct99to100,23.4,21,12.9,13.3,39,1.6,11,39.4,24.6,6.6,6.4,2.3,24
2014:Q2,pct80to99,47.1,46.8,45.3,35,46.7,50.8,59.7,43,44.5,45,49.1,32,48.7
2014:Q2,pct60to80,15,16.1,18.7,21.7,7.8,26.9,19.9,8.3,13.7,23.1,23.6,25.6,8.3
2014:Q2,pct40to60,7.6,8.4,10.8,14.3,3.5,13.2,7,3.2,8.5,13,11.8,18.9,4.4
2014:Q2,pct20to40,4.4,4.8,7.6,10,1.5,6.1,1.9,2.1,5.5,7.5,6.2,12.5,2.7
2014:Q2,pct00to20,2.5,2.8,4.6,5.6,1.3,1.4,0.5,3.9,3.2,4.8,2.8,8.8,11.9
2014:Q3,pct99to100,23.4,21,13,13.5,39.1,1.6,11.2,39.4,24.8,6.7,6.5,2.5,27.6
2014:Q3,pct80to99,47.3,46.9,45.3,34.8,46.9,50.9,59.7,43.2,44.6,44.4,49.1,31.7,40.8
2014:Q3,pct60to80,14.9,16.1,18.7,21.7,7.7,26.9,19.8,8.1,13.6,23.2,23.5,25.7,9.4
2014:Q3,pct40to60,7.6,8.4,10.9,14.3,3.5,13.1,6.9,3.2,8.5,13.2,11.8,18.9,4.5
2014:Q3,pct20to40,4.4,4.8,7.6,10,1.5,6.1,1.9,2.1,5.4,7.6,6.2,12.6,3.4
2014:Q3,pct00to20,2.5,2.8,4.6,5.7,1.4,1.4,0.6,3.9,3.1,4.9,2.8,8.7,14.3
2014:Q4,pct99to100,23.6,21.2,13.1,13.8,39.4,1.7,11.3,39.5,24.7,6.9,6.6,2.7,28.4
2014:Q4,pct80to99,47.4,47,45.5,34.5,46.9,51,59.7,43.5,44.7,44.2,49.1,31.4,38.8
2014:Q4,pct60to80,14.7,15.9,18.6,21.7,7.5,26.9,19.7,7.9,13.5,23.2,23.4,25.8,9.9
2014:Q4,pct40to60,7.5,8.3,10.9,14.2,3.4,13,6.8,3.2,8.6,13.2,11.8,19,4.4
2014:Q4,pct20to40,4.3,4.8,7.5,10,1.5,6,1.9,2.1,5.4,7.6,6.2,12.7,3.6
2014:Q4,pct00to20,2.4,2.7,4.5,5.8,1.3,1.4,0.6,3.8,3,4.9,2.9,8.4,14.8
2015:Q1,pct99to100,23.8,21.4,13.2,14,39.6,1.7,11.5,39.6,24.9,7,6.7,2.8,28.5
2015:Q1,pct80to99,47.5,47,45.5,34.2,46.9,51.1,59.7,43.7,44.7,44.2,49.2,31.2,38.5
2015:Q1,pct60to80,14.6,15.8,18.5,21.7,7.4,27,19.7,7.7,13.4,23.2,23.3,25.7,10.2
2015:Q1,pct40to60,7.5,8.3,10.9,14.2,3.3,13,6.8,3.1,8.7,13.2,11.8,19.1,4.4
2015:Q1,pct20to40,4.3,4.7,7.4,10.1,1.4,6,1.9,2.2,5.3,7.6,6.1,12.6,3.7
2015:Q1,pct00to20,2.4,2.7,4.4,5.9,1.3,1.3,0.6,3.8,3,4.9,2.9,8.5,14.8
2015:Q2,pct99to100,23.8,21.5,13.3,14.2,39.8,1.7,11.6,39.6,24.9,7.1,6.8,3,28.3
2015:Q2,pct80to99,47.5,47,45.5,33.9,47,51.2,59.7,43.8,44.7,44.1,49.2,31,38.7
2015:Q2,pct60to80,14.5,15.7,18.5,21.6,7.3,27,19.6,7.5,13.3,23.2,23.2,25.9,10.6
2015:Q2,pct40to60,7.5,8.3,11.1,14.2,3.2,12.9,6.7,3.2,8.8,13.2,11.8,19.1,4.3
2015:Q2,pct20to40,4.2,4.7,7.3,10.1,1.4,5.9,1.9,2.2,5.3,7.6,6.1,12.7,3.7
2015:Q2,pct00to20,2.3,2.7,4.3,6,1.3,1.3,0.6,3.7,2.9,4.9,2.9,8.2,14.5
2015:Q3,pct99to100,23.6,21.3,13.4,14.2,39.5,1.7,11.8,39.7,25.1,7.2,6.9,3.2,29.2
2015:Q3,pct80to99,47.5,47,45.3,33.9,47.4,51.3,59.9,44,44.6,43.8,49.2,30.8,36.6
2015:Q3,pct60to80,14.6,15.8,18.4,21.7,7.1,27,19.3,7.3,13.2,23.2,23.2,26,11.3
2015:Q3,pct40to60,7.6,8.4,11.2,14.3,3.2,12.8,6.5,3.1,8.8,13.3,11.8,19.2,4.4
2015:Q3,pct20to40,4.3,4.8,7.4,10,1.4,5.9,1.8,2.2,5.2,7.6,6.1,12.8,3.9
2015:Q3,pct00to20,2.4,2.7,4.3,5.9,1.4,1.3,0.6,3.7,2.9,4.9,2.9,8.1,14.7
2015:Q4,pct99to100,23.7,21.5,13.5,14.2,39.9,1.8,11.9,39.7,25,7.3,7,3.3,29.5
2015:Q4,pct80to99,47.6,47.1,45.3,33.7,47.4,51.4,59.8,44.2,44.7,43.7,49.1,30.5,34.9
2015:Q4,pct60to80,14.5,15.7,18.4,21.7,7,27,19.4,7.2,13.2,23.2,23.1,25.9,12
2015:Q4,pct40to60,7.6,8.4,11.2,14.4,3.1,12.8,6.4,3,9,13.3,11.8,19.3,4.6
2015:Q4,pct20to40,4.3,4.7,7.4,10,1.4,5.8,1.8,2.2,5.3,7.6,6,12.7,4.3
2015:Q4,pct00to20,2.3,2.7,4.2,5.9,1.3,1.2,0.6,3.7,2.9,4.9,2.9,8.2,14.7
2016:Q1,pct99to100,23.8,21.6,13.6,14.4,40,1.8,12.1,39.8,25.2,7.4,7.1,3.4,29.9
2016:Q1,pct80to99,47.7,47.1,45.3,33.5,47.4,51.5,59.8,44.4,44.8,43.6,49.2,30.3,34.1
2016:Q1,pct60to80,14.4,15.6,18.4,21.7,6.8,27.1,19.3,7,13.1,23.2,23,25.9,12.7
2016:Q1,pct40to60,7.6,8.4,11.3,14.4,3,12.7,6.4,2.8,9,13.3,11.8,19.4,4.6
2016:Q1,pct20to40,4.3,4.7,7.3,10,1.4,5.8,1.8,2.3,5.2,7.6,6,12.7,4.4
2016:Q1,pct00to20,2.3,2.6,4.1,6,1.3,1.2,0.6,3.7,2.8,4.9,3,8.4,14.2
2016:Q2,pct99to100,24,21.8,13.6,14.7,40.3,2,12.2,39.8,25.2,7.5,7.1,3.5,29.9
2016:Q2,pct80to99,47.6,47.1,45.4,33.1,47.4,51.4,59.7,44.6,44.7,43.6,49.2,30.2,35
2016:Q2,pct60to80,14.3,15.5,18.4,21.6,6.7,27.1,19.3,6.9,13,23.2,23,26,13.2
2016:Q2,pct40to60,7.6,8.4,11.4,14.3,2.9,12.6,6.3,2.8,9.1,13.3,11.8,19.4,4.6
2016:Q2,pct20to40,4.2,4.6,7.2,10.1,1.3,5.7,1.8,2.3,5.1,7.6,6,12.7,4.3
2016:Q2,pct00to20,2.3,2.6,4,6.1,1.3,1.2,0.6,3.6,2.8,4.8,3,8.1,12.9
2016:Q3,pct99to100,24.1,21.9,13.7,14.5,40.5,2.2,12.3,39.9,25.1,7.6,7.2,3.6,29.9
2016:Q3,pct80to99,47.5,47,44.8,33.2,47.4,51.3,59.6,44.7,44.9,43.5,49.1,30,36
2016:Q3,pct60to80,14.2,15.5,18.4,21.7,6.6,27.2,19.3,6.7,12.9,23.3,23,26.1,13.7
2016:Q3,pct40to60,7.6,8.4,11.7,14.5,2.8,12.6,6.3,2.8,9.3,13.3,11.8,19.5,4.6
2016:Q3,pct20to40,4.2,4.6,7.3,10,1.3,5.6,1.9,2.3,5.2,7.6,5.9,12.7,4.2
2016:Q3,pct00to20,2.3,2.6,4.1,6.1,1.3,1.2,0.6,3.6,2.7,4.7,3,8,11.5
2016:Q4,pct99to100,24.1,21.9,13.7,14.3,40.6,2.4,12.2,40.2,24.7,7.6,7.2,3.4,33
2016:Q4,pct80to99,47.5,46.9,45,33.3,47.2,50.9,59.9,44.4,44.9,43.2,49.2,29.8,32.5
2016:Q4,pct60to80,14.3,15.5,18.3,21.7,6.8,27.2,19.1,6.8,13.1,23.4,23,26.3,13.8
2016:Q4,pct40to60,7.6,8.4,11.5,14.6,2.8,12.7,6.4,2.7,9.2,13.4,11.8,19.6,4.8
2016:Q4,pct20to40,4.2,4.7,7.4,10,1.3,5.6,1.8,2.3,5.3,7.7,6,13,4.5
2016:Q4,pct00to20,2.3,2.6,4.1,6.1,1.3,1.3,0.6,3.6,2.8,4.7,3,7.8,11.4
2017:Q1,pct99to100,24.3,22.1,13.6,14.2,40.8,2.5,12,40.6,24.6,7.6,7.2,3.2,34.5
2017:Q1,pct80to99,47.4,46.8,45,33.4,46.8,50.6,59.9,44.1,44.9,43.2,49.1,29.6,33
2017:Q1,pct60to80,14.3,15.5,18.3,21.7,6.9,27.2,19,6.8,13.2,23.3,23,26.3,13.3
2017:Q1,pct40to60,7.6,8.3,11.5,14.7,2.8,12.9,6.6,2.7,9.1,13.5,11.8,19.8,4.8
2017:Q1,pct20to40,4.2,4.6,7.4,10,1.3,5.6,1.8,2.3,5.3,7.7,6,13.1,4.3
2017:Q1,pct00to20,2.4,2.7,4.2,6.1,1.3,1.3,0.6,3.6,2.9,4.7,2.9,8.1,10.2
2017:Q2,pct99to100,24.4,22.2,13.6,14,41,2.6,11.8,40.9,24.4,7.6,7.2,3,35.3
2017:Q2,pct80to99,47.1,46.6,44.8,33.5,46.5,50.3,60,43.6,44.7,43.1,49.1,29.4,33.4
2017:Q2,pct60to80,14.3,15.5,18.3,21.7,7,27.1,18.9,6.9,13.4,23.3,23,26.5,12.8
2017:Q2,pct40to60,7.6,8.4,11.5,14.8,2.8,13,6.8,2.9,9,13.5,11.8,20,5
2017:Q2,pct20to40,4.1,4.6,7.4,10,1.3,5.5,1.8,2.2,5.3,7.8,6,13.3,4.3
2017:Q2,pct00to20,2.4,2.7,4.4,6.1,1.4,1.3,0.6,3.5,3,4.6,2.9,7.9,9.1
2017:Q3,pct99to100,24.5,22.3,13.6,13.8,41.2,2.8,11.7,41.2,24.2,7.7,7.1,2.7,37.2
2017:Q3,pct80to99,47,46.5,44.7,33.7,46.2,50,60.1,43.3,44.8,43,49.1,29.2,32.6
2017:Q3,pct60to80,14.3,15.5,18.3,21.7,7.1,27.1,18.9,7,13.6,23.4,23,26.6,12.5
2017:Q3,pct40to60,7.5,8.3,11.5,14.9,2.8,13.2,6.9,2.9,8.9,13.6,11.8,20.1,5.1
2017:Q3,pct20to40,4.1,4.6,7.5,9.9,1.3,5.5,1.8,2.2,5.4,7.9,6,13.4,4.3
2017:Q3,pct00to20,2.5,2.8,4.5,6,1.4,1.4,0.6,3.4,3.1,4.5,2.9,8,8.3
2017:Q4,pct99to100,24.7,22.5,13.5,13.5,41.4,2.9,11.5,41.6,24,7.7,7.1,2.5,37.4
2017:Q4,pct80to99,46.8,46.3,44.6,33.9,45.9,49.7,60.2,42.9,44.8,43,49.1,29,34.4
2017:Q4,pct60to80,14.3,15.5,18.3,21.8,7.3,27.1,18.8,7,13.7,23.4,23,26.8,11.9
2017:Q4,pct40to60,7.5,8.3,11.5,15,2.8,13.3,7.1,2.9,8.8,13.7,11.8,20.3,5.2
2017:Q4,pct20to40,4.1,4.6,7.6,9.9,1.3,5.5,1.8,2.2,5.5,7.9,6,13.6,4.1
2017:Q4,pct00to20,2.6,2.8,4.6,6,1.4,1.4,0.5,3.4,3.2,4.4,2.9,7.8,7.1
2018:Q1,pct99to100,24.6,22.4,13.5,13.3,41.4,3.1,11.4,41.9,23.9,7.7,7.1,2.3,38.3
2018:Q1,pct80to99,46.7,46.2,44.6,34,45.7,49.4,60.4,42.6,44.7,42.9,49.1,28.8,34.7
2018:Q1,pct60to80,14.3,15.5,18.2,21.8,7.3,27.1,18.6,7.1,13.8,23.3,23,26.7,11.5
2018:Q1,pct40to60,7.6,8.3,11.4,15.1,2.8,13.5,7.1,2.9,8.8,13.7,11.8,20.5,5.3
2018:Q1,pct20to40,4.2,4.6,7.6,9.9,1.3,5.5,1.8,2.1,5.5,7.9,6.1,13.7,4
2018:Q1,pct00to20,2.6,2.9,4.7,6,1.4,1.5,0.6,3.4,3.3,4.4,2.9,8,6.2
2018:Q2,pct99to100,24.7,22.5,13.4,13,41.5,3.2,11.3,42.2,23.8,7.7,7.1,2.1,40
2018:Q2,pct80to99,46.5,46,44.4,34.1,45.5,49.1,60.6,42.3,44.6,42.7,49,28.6,32.7
2018:Q2,pct60to80,14.4,15.5,18.2,21.8,7.5,27.1,18.5,7.2,14,23.3,23,26.9,11.5
2018:Q2,pct40to60,7.6,8.4,11.5,15.2,2.8,13.6,7.2,2.9,8.6,13.8,11.8,20.7,5.6
2018:Q2,pct20to40,4.1,4.6,7.6,9.9,1.3,5.5,1.8,2.1,5.5,8,6.1,13.9,4.4
2018:Q2,pct00to20,2.7,2.9,4.8,6,1.5,1.5,0.6,3.3,3.5,4.4,2.9,7.9,5.8
2018:Q3,pct99to100,24.9,22.7,13.3,12.9,41.7,3.3,11.2,42.5,23.8,7.7,7.1,1.9,41.7
2018:Q3,pct80to99,46.3,45.9,44.3,34.2,45.2,48.8,60.7,41.9,44.4,42.6,49,28.4,31.8
2018:Q3,pct60to80,14.4,15.5,18.2,21.8,7.6,27.1,18.4,7.2,14.2,23.4,23,27,11.3
2018:Q3,pct40to60,7.5,8.3,11.5,15.3,2.8,13.7,7.4,2.9,8.5,13.9,11.9,20.8,5.7
2018:Q3,pct20to40,4.1,4.6,7.7,9.9,1.3,5.5,1.8,2.1,5.5,8.1,6.1,14,4.4
2018:Q3,pct00to20,2.8,3,5,6,1.5,1.6,0.5,3.3,3.7,4.3,2.9,7.9,5.1
2018:Q4,pct99to100,24.2,22,13.2,12.5,41.3,3.5,11.1,42.9,23.7,7.8,7.1,1.7,44.2
2018:Q4,pct80to99,46.2,45.7,44.1,34.4,45.2,48.5,61.4,41.6,44.3,42.3,49,28.2,28.1
2018:Q4,pct60to80,14.6,15.8,18.3,21.8,7.6,27.1,17.8,7.3,14.4,23.5,23,27.2,11.4
2018:Q4,pct40to60,7.7,8.6,11.5,15.4,2.9,13.9,7.3,2.9,8.3,14,11.9,20.9,6.2
2018:Q4,pct20to40,4.3,4.8,7.8,9.8,1.3,5.5,1.8,2.1,5.5,8.2,6.1,14.2,5.1
2018:Q4,pct00to20,3,3.1,5.1,6,1.6,1.6,0.6,3.3,3.8,4.3,2.9,7.7,5
2019:Q1,pct99to100,24.8,22.7,13.1,12.6,41.8,3.6,10.9,43.2,23.7,7.8,7.1,1.4,47.1
2019:Q1,pct80to99,46.1,45.6,44.3,34.3,44.7,48.2,61.2,41.3,44.3,42.2,49,28,26.4
2019:Q1,pct60to80,14.5,15.6,18.3,21.8,7.8,27.1,18,7.3,14.5,23.4,23,27.1,11.3
2019:Q1,pct40to60,7.5,8.4,11.4,15.3,2.8,14,7.5,2.9,8.2,14,11.9,21.2,6.2
2019:Q1,pct20to40,4.1,4.7,7.8,9.9,1.3,5.4,1.8,2,5.5,8.3,6.2,14.3,4.9
2019:Q1,pct00to20,2.9,3.1,5.2,6.1,1.5,1.6,0.6,3.2,3.9,4.3,2.9,7.9,4.1
2019:Q2,pct99to100,24.9,22.8,13,12.5,42,3.6,10.8,43.5,23.6,7.8,7.1,1.2,48
2019:Q2,pct80to99,45.9,45.4,44.1,34.4,44.5,48,61.3,41,44,42.1,49,27.9,26.3
2019:Q2,pct60to80,14.5,15.6,18.3,21.8,7.9,27.2,17.9,7.4,14.7,23.5,23,27.3,11
2019:Q2,pct40to60,7.5,8.4,11.5,15.4,2.8,14.1,7.7,3,8,14.1,11.9,21.3,6.3
2019:Q2,pct20to40,4.1,4.6,7.8,9.9,1.3,5.4,1.8,2,5.5,8.3,6.2,14.4,4.9
2019:Q2,pct00to20,3,3.2,5.3,6.1,1.5,1.7,0.5,3.1,4.1,4.2,2.8,7.8,3.4
2019:Q3,pct99to100,24.8,22.7,12.9,12,42,3.7,10.6,43.8,23.5,7.8,7.1,1.1,49.8
2019:Q3,pct80to99,45.7,45.3,43.7,34.7,44.3,47.8,61.4,40.6,44.1,42,48.9,27.7,25.6
2019:Q3,pct60to80,14.6,15.7,18.3,21.8,8,27.2,17.8,7.5,14.8,23.6,23.1,27.4,10.8
2019:Q3,pct40to60,7.6,8.4,11.7,15.6,2.8,14.3,7.8,3,7.9,14.1,11.9,21.4,6.4
2019:Q3,pct20to40,4.1,4.7,7.9,9.8,1.3,5.4,1.8,2,5.5,8.4,6.2,14.6,4.8
2019:Q3,pct00to20,3.1,3.2,5.5,6,1.6,1.7,0.5,3.1,4.2,4.2,2.8,7.8,2.6
2019:Q4,pct99to100,24.8,22.7,12.9,11.8,41.6,3.7,10.6,43.4,23.2,7.8,7.1,1.3,47.7
2019:Q4,pct80to99,46,45.5,43.7,34.8,44.8,47.9,61.5,40.6,44.6,41.9,48.7,28.1,27.5
2019:Q4,pct60to80,14.4,15.5,18.4,21.9,7.8,27.1,17.9,7.5,14.7,23.6,23.2,27.3,10.8
2019:Q4,pct40to60,7.6,8.4,11.7,15.7,2.9,14.1,7.6,3.3,8,14.2,12,21.1,6.6
2019:Q4,pct20to40,4.1,4.7,8,9.8,1.3,5.6,1.8,2,5.5,8.3,6.2,14.4,4.7
2019:Q4,pct00to20,3,3.1,5.4,6,1.6,1.6,0.6,3.2,4,4.2,2.8,7.7,2.8
2020:Q1,pct99to100,23.4,21.4,12.9,11.7,39.9,3.7,10.5,42.9,23.3,7.8,7.1,1.4,44.4
2020:Q1,pct80to99,46.3,45.8,43.6,34.9,46,47.9,62.7,40.6,45.1,42,48.4,28.4,30
2020:Q1,pct60to80,14.7,15.8,18.4,21.9,7.6,26.9,17.1,7.6,14.4,23.5,23.3,27,10.6
2020:Q1,pct40to60,8,8.8,11.8,15.7,3.3,14.1,7.2,3.7,8,14.2,12.1,21,7
2020:Q1,pct20to40,4.4,4.9,7.9,9.8,1.3,5.8,1.8,2.1,5.4,8.2,6.2,14.1,4.8
2020:Q1,pct00to20,3.2,3.3,5.3,6.1,1.9,1.6,0.7,3.2,3.8,4.3,2.8,8.1,3.2
2020:Q2,pct99to100,23.9,21.9,12.9,11.6,40.1,3.6,10.4,42.5,23,7.8,7.2,1.5,44
2020:Q2,pct80to99,46.6,46,43.5,35,46.2,48,62.3,40.5,45.8,42,48.2,28.7,29.8
2020:Q2,pct60to80,14.4,15.5,18.5,21.9,7.5,26.8,17.5,7.6,14.1,23.5,23.3,26.7,10.8
2020:Q2,pct40to60,7.9,8.7,12,15.7,3.3,14,7.3,4,8.2,14.3,12.3,20.9,7.2
2020:Q2,pct20to40,4.3,4.8,7.9,9.7,1.2,6,1.9,2.1,5.4,8.1,6.2,14,4.7
2020:Q2,pct00to20,3,3.1,5.3,6,1.7,1.6,0.6,3.3,3.5,4.3,2.9,8.2,3.5
2020:Q3,pct99to100,23.9,22,12.9,11.4,39.9,3.6,10.3,42,22.6,7.7,7.2,1.7,40
2020:Q3,pct80to99,46.6,46.1,43.4,35.1,46.5,48.1,62.3,40.5,45.9,42.2,47.8,29.1,35.9
2020:Q3,pct60to80,14.2,15.3,18.5,21.9,7.4,26.6,17.7,7.7,14.1,23.5,23.4,26.5,10.2
2020:Q3,pct40to60,7.9,8.7,12.1,15.7,3.3,13.9,7.2,4.4,8.3,14.3,12.4,20.7,7
2020:Q3,pct20to40,4.3,4.8,7.9,9.7,1.2,6.2,1.9,2.1,5.5,8,6.2,13.8,3.9
2020:Q3,pct00to20,2.9,3.1,5.2,6.1,1.7,1.5,0.6,3.3,3.5,4.3,2.9,8.3,3
2020:Q4,pct99to100,24.4,22.5,12.9,11.2,40.1,3.6,10.2,41.6,22.5,7.7,7.3,1.9,35.5
2020:Q4,pct80to99,46.7,46.2,43.3,35.2,46.5,48.2,62.1,40.5,46.2,42.5,47.5,29.4,42.2
2020:Q4,pct60to80,14,15.1,18.5,21.9,7.4,26.5,17.9,7.8,14.1,23.4,23.5,26.4,9.6
2020:Q4,pct40to60,7.9,8.6,12.3,15.7,3.3,13.8,7.2,4.7,8.5,14.3,12.6,20.5,6.9
2020:Q4,pct20to40,4.2,4.6,7.8,9.7,1.2,6.4,2,2.2,5.4,7.9,6.1,13.7,3.3
2020:Q4,pct00to20,2.8,3,5.2,6.2,1.6,1.5,0.6,3.3,3.4,4.3,2.9,8.2,2.5
2021:Q1,pct99to100,24.4,22.6,12.9,11.2,39.9,3.6,10.2,41.2,22.2,7.7,7.4,2.1,32.5
2021:Q1,pct80to99,46.8,46.3,43.3,35.2,46.7,48.2,62.3,40.4,46.6,42.6,47.2,29.7,46.5
2021:Q1,pct60to80,13.9,14.9,18.5,21.9,7.3,26.4,17.8,7.8,13.9,23.2,23.5,26,9.1
2021:Q1,pct40to60,7.9,8.6,12.4,15.7,3.3,13.7,7.1,5,8.7,14.3,12.8,20.3,6.8
2021:Q1,pct20to40,4.2,4.6,7.8,9.8,1.1,6.6,2,2.2,5.5,7.8,6.1,13.5,2.8
2021:Q1,pct00to20,2.8,3,5.1,6.3,1.6,1.5,0.6,3.3,3.1,4.3,3,8.3,2.2
2021:Q2,pct99to100,24.5,22.6,12.8,11.1,39.9,3.6,10.1,40.7,22,7.6,7.3,2.4,30.7
2021:Q2,pct80to99,46.9,46.4,43.3,35.2,46.9,48.3,62.3,40.4,46.8,42.6,46.7,30.1,48.7
2021:Q2,pct60to80,13.8,14.8,18.6,21.9,7.2,26.2,17.9,7.9,13.9,23.4,23.8,26.2,9
2021:Q2,pct40to60,7.9,8.6,12.5,15.6,3.3,13.6,7.1,5.5,8.7,14.4,13,19.9,6.9
2021:Q2,pct20to40,4.2,4.6,7.6,9.8,1.1,6.8,2,2.2,5.5,7.8,6.1,13.4,2.6
2021:Q2,pct00to20,2.8,2.9,5.1,6.5,1.6,1.4,0.6,3.3,3.1,4.2,3,7.9,2.2
2021:Q3,pct99to100,24.3,22.5,12.8,10.9,39.5,3.6,10.1,40.4,21.9,7.5,7.3,2.5,29
2021:Q3,pct80to99,46.9,46.4,43.3,35.2,47.3,48.4,62.5,40.4,46.9,42.6,46.5,30.5,50.4
2021:Q3,pct60to80,13.7,14.8,18.6,21.9,7.2,26.1,17.8,7.9,13.9,23.5,24,26.1,8.9
2021:Q3,pct40to60,8,8.7,12.6,15.6,3.4,13.6,6.9,5.9,8.8,14.4,13.2,19.7,7
2021:Q3,pct20to40,4.2,4.6,7.6,9.8,1.1,7,2,2.2,5.4,7.7,6.1,13.2,2.5
2021:Q3,pct00to20,2.8,3,5.1,6.6,1.6,1.4,0.6,3.3,3.1,4.2,3,8,2.3
2021:Q4,pct99to100,24.3,22.4,12.8,10.8,39.3,3.6,10,40,21.7,7.5,7.3,2.7,27.6
2021:Q4,pct80to99,47,46.5,43.1,35.3,47.5,48.5,62.6,40.4,47.1,42.5,46.2,30.9,50.7
2021:Q4,pct60to80,13.6,14.7,18.7,21.9,7.1,26,17.8,8,13.8,23.7,24.2,26.1,8.9
2021:Q4,pct40to60,8.1,8.8,12.8,15.6,3.4,13.5,6.8,6.2,8.9,14.5,13.3,19.4,7.3
2021:Q4,pct20to40,4.2,4.6,7.6,9.9,1.1,7.1,2,2.2,5.4,7.6,6,13.1,2.7
2021:Q4,pct00to20,2.8,2.9,5.1,6.7,1.6,1.4,0.6,3.3,3,4.2,3,7.8,2.7
2022:Q1,pct99to100,23.7,21.9,12.8,10.7,38.7,3.5,10,39.7,21.7,7.4,7.3,2.8,26.5
2022:Q1,pct80to99,47.1,46.6,43.3,35.3,48,48.4,63.2,40.4,47.2,42.6,46,31.2,51.3
2022:Q1,pct60to80,13.7,14.8,18.7,21.9,7,25.8,17.5,8,13.8,23.8,24.4,26,9
2022:Q1,pct40to60,8.2,8.9,12.6,15.5,3.5,13.5,6.6,6.5,8.9,14.5,13.4,19.2,7.5
2022:Q1,pct20to40,4.4,4.7,7.5,9.9,1.1,7.5,2.1,2.2,5.4,7.5,6,12.8,2.7
2022:Q1,pct00to20,2.9,3,5.1,6.8,1.7,1.3,0.7,3.3,2.9,4.3,3,8,3
2022:Q2,pct99to100,22.7,20.9,12.8,10.5,37.2,3.4,9.9,39.3,21.6,7.4,7.3,3,26.5
2022:Q2,pct80to99,47.2,46.6,43.2,35.4,49.2,48.4,64.2,40.4,47.3,42.3,45.7,31.6,49.4
2022:Q2,pct60to80,13.8,15,18.7,21.9,6.8,25.6,16.9,8,13.8,23.9,24.5,26,9.3
2022:Q2,pct40to60,8.6,9.3,12.7,15.6,3.9,13.5,6.2,6.8,8.9,14.6,13.5,19,8
2022:Q2,pct20to40,4.6,5,7.5,9.9,1.1,7.8,2.1,2.2,5.4,7.5,5.9,12.7,3.1
2022:Q2,pct00to20,3.1,3.2,5.1,6.8,1.9,1.3,0.8,3.3,3,4.3,3,7.8,3.7
2022:Q3,pct99to100,22.4,20.6,12.6,10.3,36.5,3.4,9.9,39,21.5,7.4,7.3,3.1,25.5
2022:Q3,pct80to99,47.2,46.5,42.7,35.4,49.8,48.4,64.7,40.3,47.4,42.2,45.4,31.9,49.8
2022:Q3,pct60to80,13.8,15,18.9,21.9,6.6,25.3,16.6,8.1,13.8,24,24.6,25.9,9.4
2022:Q3,pct40to60,8.8,9.5,13.2,15.6,4,13.5,5.9,7,8.9,14.7,13.7,18.8,8.3
2022:Q3,pct20to40,4.7,5.1,7.6,9.9,1.1,8.2,2.1,2.2,5.4,7.5,5.9,12.6,3.1
2022:Q3,pct00to20,3.1,3.2,5,6.9,1.9,1.2,0.8,3.4,3,4.3,3,7.7,4
2022:Q4,pct99to100,22.7,20.9,12.7,10.4,36.8,3.4,9.9,39,21.7,7.4,7.4,3.2,27
2022:Q4,pct80to99,47.3,46.6,42.9,35.4,49.6,48.3,64.5,40.3,47.2,41.8,45.3,31.9,45.7
2022:Q4,pct60to80,13.7,14.9,18.8,21.9,6.7,25.3,16.7,8.1,13.9,24.1,24.6,26,9.9
2022:Q4,pct40to60,8.6,9.4,13,15.6,4,13.5,6,6.9,8.8,14.7,13.7,18.7,8.8
2022:Q4,pct20to40,4.6,5,7.5,9.9,1.1,8.3,2.1,2.3,5.3,7.6,5.9,12.7,3.8
2022:Q4,pct00to20,3.1,3.2,5,6.9,1.9,1.2,0.8,3.4,3.1,4.3,3.1,7.5,4.8
2023:Q1,pct99to100,22.9,21.1,12.7,10.3,37.2,3.4,9.9,39,22,7.5,7.4,3.3,27.5
2023:Q1,pct80to99,47.3,46.6,42.9,35.4,49.3,48.3,64.2,40.3,47,41.8,45.3,31.8,45.6
2023:Q1,pct60to80,13.6,14.9,18.8,21.9,6.7,25.3,16.9,8.1,13.9,24,24.5,26,9.9
2023:Q1,pct40to60,8.5,9.3,13,15.6,3.9,13.5,6.1,6.9,8.7,14.8,13.8,18.8,8.7
2023:Q1,pct20to40,4.6,4.9,7.6,9.9,1.1,8.3,2.1,2.3,5.2,7.6,6,12.7,3.5
2023:Q1,pct00to20,3.1,3.2,5,6.9,1.9,1.2,0.8,3.4,3.2,4.3,3.1,7.4,4.7
2023:Q2,pct99to100,23,21.2,12.7,10.3,37.5,3.4,9.9,39,22,7.5,7.4,3.3,27.4
2023:Q2,pct80to99,47.3,46.6,43.2,35.4,49.1,48.4,63.9,40.3,47,41.8,45.2,31.8,46.3
2023:Q2,pct60to80,13.6,14.9,18.7,21.9,6.8,25.3,17.1,8.1,13.9,24,24.4,26,9.8
2023:Q2,pct40to60,8.4,9.1,12.7,15.6,3.8,13.5,6.2,6.9,8.6,14.8,13.8,18.7,8.6
2023:Q2,pct20to40,4.5,4.9,7.5,9.9,1.1,8.2,2.1,2.3,5.2,7.6,6,12.8,3.4
2023:Q2,pct00to20,3.1,3.2,5.1,6.9,1.8,1.2,0.8,3.4,3.3,4.3,3.1,7.2,4.5
2023:Q3,pct99to100,22.8,21,12.8,10.3,37.2,3.4,9.7,39,22,7.5,7.4,3.4,26.7
2023:Q3,pct80to99,47.3,46.7,43.3,35.4,49.3,48.3,63.9,40.3,47,41.8,45.2,31.9,47.7
2023:Q3,pct60to80,13.7,14.9,18.7,21.9,6.7,25.3,17.2,8.1,13.9,24,24.4,26.1,9.7
2023:Q3,pct40to60,8.5,9.2,12.6,15.6,3.9,13.5,6.3,6.9,8.6,14.8,13.9,18.7,8.5
2023:Q3,pct20to40,4.6,5,7.5,9.9,1.1,8.3,2.1,2.3,5.2,7.6,6,12.9,3.2
2023:Q3,pct00to20,3.1,3.3,5.1,6.9,1.8,1.2,0.8,3.4,3.3,4.2,3.2,7,4.2
2023:Q4,pct99to100,23.2,21.4,12.7,10.3,37.7,3.4,10,39,22.2,7.5,7.4,3.4,26.8
2023:Q4,pct80to99,47.3,46.7,43.3,35.4,48.9,48.4,63.6,40.3,46.8,41.8,45.1,31.9,47.6
2023:Q4,pct60to80,13.6,14.8,18.7,21.9,6.8,25.4,17.3,8.1,13.9,24.1,24.4,26.2,9.7
2023:Q4,pct40to60,8.3,9.1,12.7,15.5,3.8,13.5,6.3,6.8,8.6,14.8,13.9,18.7,8.5
2023:Q4,pct20to40,4.5,4.8,7.5,9.9,1.1,8.1,2.1,2.3,5.1,7.6,6,12.9,3.2
2023:Q4,pct00to20,3.1,3.2,5.1,6.9,1.8,1.2,0.7,3.5,3.4,4.2,3.2,6.9,4.3
2024:Q1,pct99to100,23.4,21.6,12.8,10.4,38.1,3.4,10,39,22.2,7.5,7.4,3.4,26
2024:Q1,pct80to99,47.3,46.7,43.5,35.4,48.6,48.5,63.3,40.3,46.9,41.9,45.1,31.8,49.5
2024:Q1,pct60to80,13.6,14.8,18.7,21.9,6.9,25.4,17.5,8.1,13.9,24,24.4,26.1,9.4
2024:Q1,pct40to60,8.2,8.9,12.5,15.5,3.7,13.4,6.4,6.8,8.6,14.8,13.9,18.7,8.2
2024:Q1,pct20to40,4.4,4.8,7.5,9.9,1.1,8.1,2.1,2.4,5.1,7.6,6,12.9,3
2024:Q1,pct00to20,3,3.2,5.1,7,1.7,1.2,0.7,3.5,3.3,4.2,3.2,7.1,3.9
2024:Q2,pct99to100,23.3,21.6,12.8,10.4,38.2,3.4,10,39,22.3,7.5,7.4,3.4,25.5
2024:Q2,pct80to99,47.4,46.8,43.7,35.4,48.5,48.5,63.2,40.3,46.8,42,45.1,31.9,50.3
2024:Q2,pct60to80,13.7,14.8,18.7,21.9,6.9,25.4,17.6,8.1,13.9,23.9,24.4,26.2,9.3
2024:Q2,pct40to60,8.1,8.9,12.2,15.5,3.7,13.4,6.5,6.8,8.6,14.8,13.9,18.7,8.2
2024:Q2,pct20to40,4.4,4.8,7.5,9.9,1.1,8.1,2.1,2.3,5.1,7.6,6,12.9,2.9
2024:Q2,pct00to20,3.1,3.2,5.1,7,1.7,1.2,0.7,3.5,3.4,4.2,3.2,6.9,3.8
