year,race,population,0_14,15_24,25_34,35_49,50_74,75_99,100_149,150_199,200_+,income_median,error_margin_median,income_mean,error_margin_mean
2023,ALL RACES,132200000.00,7.40,6.70,6.90,10.30,15.70,12.10,17.00,9.50,14.40,80610.00,634.00,114500.00,1098.00
2022,ALL RACES,131400000.00,8.10,7.20,7.40,10.40,15.90,12.20,16.70,9.30,12.90,77540.00,1006.00,110600.00,1075.00
2021,ALL RACES,131200000.00,8.10,7.40,7.20,9.90,15.30,11.90,16.40,9.30,14.40,79260.00,678.00,114600.00,1153.00
2020 3,ALL RACES,129200000.00,7.60,7.40,6.80,10.60,15.20,12.30,16.50,9.30,14.20,79560.00,1030.00,114000.00,1227.00
2019,ALL RACES,128500000.00,7.30,7.00,6.70,10.60,15.50,11.90,17.10,9.40,14.60,81210.00,1069.00,115900.00,1232.00
2018,ALL RACES,128600000.00,8.30,7.50,7.20,10.90,15.80,12.50,16.60,9.00,12.30,75790.00,829.00,108000.00,1077.00
2017 4,ALL RACES,127700000.00,8.40,7.80,7.50,11.30,15.50,12.10,16.30,8.70,12.50,74810.00,647.00,107300.00,1148.00
2017,ALL RACES,127600000.00,8.40,7.80,7.60,11.30,15.20,12.20,16.40,9.00,12.10,75100.00,674.00,105500.00,1047.00
2016,ALL RACES,126200000.00,8.60,7.80,7.80,11.40,15.80,12.30,16.30,8.60,11.50,73520.00,893.00,103500.00,961.00
2015,ALL RACES,125800000.00,8.40,8.30,8.60,11.30,15.40,12.30,16.30,8.90,10.50,71000.00,663.00,99580.00,833.00
2014,ALL RACES,124600000.00,9.30,8.70,8.80,11.50,15.90,12.40,15.40,8.30,9.80,67360.00,810.00,95080.00,921.00
2013 5,ALL RACES,123900000.00,9.20,8.90,8.70,11.10,15.80,12.70,15.60,8.00,9.80,68220.00,1370.00,95740.00,1391.00
2013 6,ALL RACES,123000000.00,9.10,9.30,8.50,11.80,16.40,12.80,15.50,7.90,8.70,66130.00,578.00,92490.00,1045.00
2012,ALL RACES,122500000.00,9.10,9.20,9.10,11.90,16.30,12.60,15.60,7.80,8.40,65740.00,443.00,91850.00,892.00
2011,ALL RACES,121100000.00,9.30,8.90,9.10,12.40,16.40,12.60,15.20,7.80,8.40,65750.00,542.00,91520.00,795.00
2010 7,ALL RACES,119900000.00,9.30,9.00,8.80,11.70,16.60,12.30,15.90,7.80,8.60,66730.00,724.00,91270.00,802.00
2009 8,ALL RACES,117500000.00,8.50,8.60,9.00,11.90,16.40,12.80,16.20,7.80,8.80,68340.00,481.00,93320.00,549.00
2008,ALL RACES,117200000.00,8.40,8.70,8.80,11.80,16.20,12.70,16.60,8.00,8.80,68780.00,308.00,93560.00,544.00
2007,ALL RACES,116800000.00,8.00,8.60,8.00,11.80,16.30,12.80,16.90,8.40,9.10,71210.00,326.00,95840.00,550.00
2006,ALL RACES,116000000.00,8.10,8.30,8.20,11.80,17.10,12.40,16.70,8.20,9.20,70080.00,495.00,96780.00,615.00
2005,ALL RACES,114400000.00,8.50,8.50,8.20,11.80,17.00,12.70,16.50,8.10,8.80,69310.00,381.00,94770.00,588.00
2004 9,ALL RACES,113300000.00,8.40,8.90,8.30,12.20,16.20,13.00,16.50,8.10,8.40,68250.00,496.00,93080.00,577.00
2003,ALL RACES,112000000.00,8.40,8.90,8.40,11.70,16.40,12.90,16.50,8.30,8.40,68350.00,488.00,93200.00,561.00
2002,ALL RACES,111300000.00,8.30,8.80,8.10,12.10,16.50,12.90,16.90,8.20,8.10,68310.00,368.00,93190.00,575.00
2001,ALL RACES,109300000.00,8.00,8.70,8.20,11.90,16.80,13.20,16.80,8.10,8.40,68870.00,346.00,94930.00,622.00
2000 10,ALL RACES,108200000.00,7.70,8.30,8.20,11.50,17.20,13.10,17.50,8.00,8.60,70020.00,362.00,95280.00,617.00
1999 11,ALL RACES,106400000.00,7.60,8.40,8.60,11.50,17.10,13.00,17.40,8.10,8.30,70210.00,539.00,94430.00,806.00
1998,ALL RACES,103900000.00,8.40,8.60,8.10,12.00,17.20,13.40,17.00,7.70,7.50,68470.00,666.00,91310.00,811.00
1997,ALL RACES,102500000.00,8.70,9.00,8.60,12.20,17.30,13.50,16.50,7.30,6.90,66050.00,502.00,88690.00,816.00
1996,ALL RACES,101000000.00,8.90,9.40,8.90,12.50,17.30,13.40,16.70,6.70,6.30,64710.00,537.00,85910.00,792.00
1995 12,ALL RACES,99630000.00,9.00,9.40,9.00,12.40,18.10,13.50,16.10,6.70,5.80,63770.00,606.00,84090.00,757.00
1994 13,ALL RACES,98990000.00,9.50,9.90,9.20,12.80,17.50,13.40,15.70,6.30,5.80,61800.00,463.00,82620.00,731.00
1993 14,ALL RACES,97110000.00,10.00,9.80,8.90,13.00,17.90,13.20,15.50,6.30,5.40,61150.00,470.00,81090.00,721.00
1992 15,ALL RACES,96430000.00,9.90,9.80,9.10,12.30,18.30,13.60,16.00,6.10,4.90,61450.00,478.00,77910.00,538.00
1991,ALL RACES,95670000.00,9.70,9.40,8.90,12.70,18.40,14.00,15.70,6.30,4.90,61960.00,491.00,78000.00,528.00
1990,ALL RACES,94310000.00,9.40,9.00,8.70,12.60,18.80,14.10,16.10,6.30,5.10,63830.00,536.00,79730.00,554.00
1989,ALL RACES,93350000.00,9.00,9.10,8.80,12.30,18.20,14.20,16.50,6.60,5.40,64610.00,585.00,81630.00,585.00
1988,ALL RACES,92830000.00,9.70,9.00,8.50,12.70,18.30,14.20,16.40,6.20,5.00,63530.00,510.00,79370.00,583.00
1987 16,ALL RACES,91120000.00,9.80,9.20,8.80,12.60,18.00,14.50,16.30,6.20,4.70,63060.00,490.00,78420.00,529.00
1986,ALL RACES,89480000.00,10.00,9.10,8.90,12.50,18.30,14.70,16.20,5.80,4.50,62280.00,531.00,76940.00,514.00
1985 17,ALL RACES,88460000.00,10.00,9.80,9.20,13.00,19.00,14.40,15.40,5.40,3.80,60050.00,535.00,73900.00,481.00
1984 18,ALL RACES,86790000.00,10.00,10.00,9.50,13.40,19.20,14.00,15.20,5.20,3.60,58930.00,441.00,72200.00,437.00
1983,ALL RACES,85410000.00,10.60,10.00,9.80,13.60,19.50,14.20,14.40,4.80,3.20,57210.00,428.00,69580.00,428.00
1982,ALL RACES,83920000.00,10.60,10.20,9.80,13.40,20.10,14.10,14.30,4.40,3.10,57570.00,427.00,69380.00,423.00
1981,ALL RACES,83530000.00,10.30,10.30,9.80,13.60,19.20,15.10,14.40,4.70,2.60,57730.00,498.00,68970.00,413.00
1980,ALL RACES,82370000.00,10.20,10.10,9.50,13.30,19.60,15.10,14.80,4.60,2.70,58720.00,496.00,69840.00,420.00
1979 19,ALL RACES,80780000.00,9.80,9.50,9.10,13.40,19.50,15.50,15.30,4.80,3.10,60610.00,472.00,71990.00,448.00
1978,ALL RACES,77330000.00,9.50,10.10,9.20,13.20,19.50,15.60,15.60,4.40,3.00,60720.00,404.00,71470.00,451.00
1977,ALL RACES,76030000.00,9.80,10.40,9.60,13.10,20.20,15.40,14.70,4.20,2.60,58450.00,361.00,69330.00,347.00
1976 20,ALL RACES,74140000.00,10.10,10.10,9.50,13.50,20.40,15.80,14.40,3.90,2.40,58160.00,354.00,68420.00,347.00
1975 21,ALL RACES,72870000.00,10.20,10.60,9.60,13.90,20.60,15.60,13.70,3.50,2.20,57180.00,383.00,66780.00,343.00
"1974 21, 22",ALL RACES,71160000.00,9.70,9.90,9.30,13.30,21.50,15.60,14.30,4.00,2.40,58780.00,371.00,68740.00,354.00
1973,ALL RACES,69860000.00,9.90,9.90,8.80,12.50,21.10,15.80,15.10,4.20,2.70,60610.00,379.00,70100.00,351.00
1972 23,ALL RACES,68250000.00,10.60,9.60,8.90,13.20,21.40,15.80,14.00,4.00,2.50,59330.00,372.00,69060.00,352.00
1971 24,ALL RACES,66680000.00,11.40,9.30,9.50,13.60,22.30,15.90,12.70,3.40,1.90,57090.00,364.00,65660.00,343.00
1970,ALL RACES,64780000.00,11.60,9.00,9.00,13.40,23.10,15.80,12.80,3.40,2.00,57580.00,347.00,65940.00,347.00
1969,ALL RACES,63400000.00,11.50,8.80,8.80,13.50,23.30,16.00,13.00,3.20,1.90,58010.00,353.00,65990.00,341.00
1968,ALL RACES,62210000.00,11.80,9.10,8.80,14.30,24.80,15.30,11.60,2.70,1.60,55810.00,332.00,63140.00,332.00
1967 25,ALL RACES,60810000.00,13.00,9.40,8.90,15.60,24.60,14.30,10.10,2.60,1.70,53530.00,320.00,59860.00,320.00
2023,WHITE ALONE,101900000.00,6.30,6.20,6.80,10.00,15.60,12.30,17.80,10.10,14.90,84630.00,1182.00,118000.00,1356.00
2022,WHITE ALONE,101400000.00,7.10,6.90,7.20,10.20,15.80,12.50,17.40,9.70,13.30,80320.00,905.00,113600.00,1263.00
2021,WHITE ALONE,102100000.00,7.00,6.90,6.90,9.80,15.30,12.10,17.10,9.80,15.00,83160.00,1021.00,118500.00,1325.00
2020 3,WHITE ALONE,100900000.00,6.40,7.00,6.60,10.50,15.10,12.50,17.20,9.90,14.80,83800.00,862.00,117600.00,1397.00
2019,WHITE ALONE,100600000.00,6.20,6.50,6.20,10.30,15.60,12.20,17.80,9.90,15.40,85350.00,945.00,120300.00,1410.00
2018,WHITE ALONE,100500000.00,6.90,7.00,6.90,10.60,15.90,12.90,17.50,9.40,13.00,80300.00,775.00,112700.00,1239.00
2017 4,WHITE ALONE,100100000.00,7.00,7.20,7.30,10.90,15.60,12.40,17.10,9.20,13.30,79340.00,1031.00,112000.00,1292.00
2017,WHITE ALONE,100100000.00,7.00,7.30,7.50,11.00,15.10,12.50,17.20,9.60,12.90,79880.00,837.00,109700.00,1212.00
2016,WHITE ALONE,99400000.00,7.20,7.30,7.50,11.20,15.90,12.50,17.10,9.10,12.20,77030.00,684.00,107500.00,1094.00
2015,WHITE ALONE,99310000.00,6.90,7.80,8.50,11.20,15.40,12.60,17.20,9.40,11.10,75510.00,787.00,103300.00,971.00
2014,WHITE ALONE,98680000.00,7.90,8.20,8.50,11.30,15.90,12.80,16.10,8.70,10.50,71390.00,733.00,99030.00,1080.00
2013 5,WHITE ALONE,98810000.00,7.90,8.60,8.40,10.90,15.80,13.20,16.40,8.40,10.40,72250.00,1083.00,99090.00,1588.00
2013 6,WHITE ALONE,97770000.00,7.70,8.80,8.30,11.50,16.60,13.20,16.30,8.40,9.30,70350.00,890.00,96560.00,1139.00
2012,WHITE ALONE,97710000.00,7.50,8.80,8.80,11.90,16.40,13.00,16.40,8.20,9.00,69210.00,814.00,95900.00,984.00
2011,WHITE ALONE,96960000.00,7.70,8.40,8.80,12.30,16.70,12.90,15.90,8.20,9.10,68580.00,486.00,95640.00,912.00
2010 7,WHITE ALONE,96310000.00,7.70,8.70,8.60,11.60,16.70,12.60,16.80,8.20,9.20,70030.00,564.00,95360.00,902.00
2009 8,WHITE ALONE,95490000.00,7.10,8.10,8.80,11.60,16.70,13.20,16.90,8.30,9.40,71200.00,348.00,96850.00,614.00
2008,WHITE ALONE,95300000.00,7.10,8.40,8.50,11.60,16.20,13.10,17.40,8.40,9.40,71530.00,342.00,97340.00,616.00
2007,WHITE ALONE,95110000.00,6.60,8.30,7.80,11.60,16.40,13.00,17.60,8.90,9.80,73870.00,359.00,99690.00,625.00
2006,WHITE ALONE,94710000.00,6.80,7.80,7.90,11.70,17.10,12.70,17.50,8.60,9.80,73670.00,352.00,100500.00,689.00
2005,WHITE ALONE,93590000.00,7.10,8.10,8.00,11.70,17.10,12.90,17.20,8.60,9.30,72640.00,522.00,98680.00,672.00
2004 9,WHITE ALONE,92880000.00,7.00,8.60,8.00,12.00,16.30,13.20,17.20,8.60,9.00,71820.00,463.00,96840.00,656.00
2003,WHITE ALONE,91960000.00,7.00,8.50,8.20,11.70,16.50,13.20,17.20,8.70,9.00,72000.00,465.00,97180.00,641.00
2002,WHITE ALONE,91650000.00,7.10,8.40,7.90,11.90,16.40,13.30,17.70,8.60,8.70,72620.00,485.00,96920.00,649.00
2001,WHITE,90680000.00,6.80,8.40,8.00,11.60,16.80,13.40,17.50,8.60,9.00,72600.00,561.00,98690.00,698.00
2000 10,WHITE,90030000.00,6.60,8.00,7.90,11.30,17.10,13.30,18.20,8.40,9.10,73240.00,532.00,98810.00,697.00
1999 11,WHITE,88890000.00,6.30,7.90,8.40,11.40,17.10,13.30,18.20,8.50,8.70,73020.00,607.00,97860.00,911.00
1998,WHITE,87210000.00,6.90,8.20,7.80,11.80,17.40,13.80,17.80,8.10,8.10,72040.00,594.00,95450.00,924.00
1997,WHITE,86110000.00,7.40,8.60,8.40,12.00,17.40,13.80,17.20,7.70,7.50,69560.00,725.00,92640.00,928.00
1996,WHITE,85060000.00,7.50,8.90,8.60,12.40,17.40,13.90,17.50,7.00,6.90,67750.00,576.00,89320.00,870.00
1995 12,WHITE,84510000.00,7.50,8.90,8.80,12.30,18.20,13.90,16.80,7.20,6.30,66930.00,576.00,87440.00,834.00
1994 13,WHITE,83740000.00,7.90,9.40,8.90,12.70,17.90,13.80,16.50,6.70,6.30,65180.00,602.00,86260.00,826.00
1993 14,WHITE,82390000.00,8.30,9.10,8.70,12.90,18.20,13.80,16.40,6.70,5.90,64520.00,618.00,84730.00,805.00
1992 15,WHITE,81800000.00,8.10,9.30,8.90,12.20,18.70,14.10,17.00,6.50,5.30,64610.00,515.00,81430.00,597.00
1991,WHITE,81680000.00,7.90,9.00,8.70,12.70,18.70,14.50,16.60,6.70,5.30,64930.00,518.00,81290.00,582.00
1990,WHITE,80970000.00,7.80,8.40,8.60,12.60,19.10,14.50,17.00,6.60,5.60,66570.00,501.00,82940.00,610.00
1989,WHITE,80160000.00,7.30,8.60,8.60,12.10,18.60,14.70,17.40,7.00,5.80,67960.00,544.00,85030.00,647.00
1988,WHITE,79730000.00,8.00,8.30,8.30,12.60,18.70,14.80,17.30,6.60,5.40,67160.00,653.00,82760.00,641.00
1987 16,WHITE,78520000.00,8.10,8.60,8.50,12.40,18.40,15.10,17.30,6.50,5.00,66440.00,549.00,81770.00,581.00
1986,WHITE,77280000.00,8.40,8.60,8.50,12.40,18.60,15.30,17.10,6.20,4.80,65480.00,523.00,80150.00,564.00
1985 17,WHITE,76580000.00,8.50,9.30,8.90,12.80,19.40,15.00,16.10,5.90,4.20,63330.00,556.00,76940.00,531.00
1984 18,WHITE,75330000.00,8.50,9.30,9.10,13.30,19.70,14.70,16.00,5.50,3.90,62170.00,515.00,75180.00,480.00
1983,WHITE,74380000.00,8.90,9.30,9.60,13.60,20.10,14.80,15.20,5.10,3.60,59990.00,446.00,72460.00,464.00
1982,WHITE,73180000.00,9.10,9.60,9.40,13.40,20.50,14.70,15.20,4.80,3.40,60270.00,451.00,72240.00,465.00
1981,WHITE,72850000.00,8.80,9.60,9.50,13.50,19.70,15.70,15.20,5.10,2.90,61000.00,463.00,71860.00,448.00
1980,WHITE,71870000.00,8.70,9.40,9.20,13.30,20.00,15.80,15.70,5.00,2.90,61950.00,524.00,72660.00,458.00
1979 19,WHITE,70770000.00,8.50,8.80,8.70,13.20,19.90,16.20,16.20,5.20,3.30,63540.00,497.00,74830.00,491.00
1978,WHITE,68030000.00,8.30,9.50,8.90,13.00,19.70,16.30,16.40,4.70,3.30,63120.00,458.00,74110.00,491.00
1977,WHITE,66930000.00,8.60,9.80,9.20,12.80,20.60,16.10,15.60,4.50,2.80,61460.00,425.00,72040.00,383.00
1976 20,WHITE,65350000.00,8.90,9.30,9.10,13.40,20.70,16.40,15.30,4.10,2.60,60930.00,415.00,71050.00,377.00
1975 21,WHITE,64390000.00,9.00,9.90,9.30,13.70,21.00,16.30,14.60,3.80,2.40,59800.00,359.00,69240.00,375.00
"1974 21, 22",WHITE,62980000.00,8.60,9.10,9.00,13.00,22.00,16.30,15.10,4.30,2.60,61480.00,380.00,71290.00,380.00
1973,WHITE,61970000.00,8.90,9.10,8.50,12.20,21.40,16.40,16.00,4.50,3.00,63530.00,398.00,72810.00,379.00
1972 23,WHITE,60620000.00,9.60,8.90,8.40,13.00,21.90,16.50,14.80,4.30,2.70,62250.00,393.00,71740.00,382.00
1971 24,WHITE,59460000.00,10.30,8.60,9.00,13.30,22.90,16.60,13.50,3.70,2.10,59710.00,374.00,68030.00,364.00
1970,WHITE,57580000.00,10.50,8.40,8.60,13.10,23.50,16.50,13.50,3.60,2.20,59980.00,380.00,68240.00,369.00
1969,WHITE,56250000.00,10.40,8.20,8.30,13.10,23.90,16.80,13.90,3.40,2.10,60540.00,364.00,68440.00,375.00
1968,WHITE,55390000.00,10.80,8.40,8.30,14.10,25.50,16.10,12.30,2.90,1.70,58110.00,356.00,65410.00,356.00
1967 25,WHITE,54190000.00,11.90,8.60,8.40,15.30,25.50,15.00,10.70,2.70,1.80,55820.00,333.00,62050.00,345.00
2023,"WHITE ALONE, NOT HISPANIC",84440000.00,5.90,6.00,6.50,9.40,15.00,12.20,18.10,10.50,16.30,89050.00,1234.00,123400.00,1545.00
2022,"WHITE ALONE, NOT HISPANIC",84490000.00,6.60,6.70,6.90,9.70,15.30,12.30,17.80,10.30,14.50,84280.00,997.00,118500.00,1470.00
2021,"WHITE ALONE, NOT HISPANIC",85080000.00,6.40,6.80,6.60,9.30,14.70,12.00,17.40,10.40,16.40,87340.00,1210.00,124000.00,1554.00
2020 3,"WHITE ALONE, NOT HISPANIC",84710000.00,6.00,6.70,6.50,9.70,14.60,12.30,17.60,10.40,16.20,88200.00,994.00,123300.00,1622.00
2019,"WHITE ALONE, NOT HISPANIC",84870000.00,5.80,6.30,5.80,9.70,15.10,12.00,18.10,10.40,16.80,89900.00,1035.00,126100.00,1607.00
2018,"WHITE ALONE, NOT HISPANIC",84730000.00,6.40,6.60,6.50,10.00,15.40,12.90,18.00,10.00,14.20,84740.00,782.00,117900.00,1403.00
2017 4,"WHITE ALONE, NOT HISPANIC",84710000.00,6.50,6.90,6.90,10.50,15.10,12.30,17.60,9.70,14.50,83450.00,1357.00,117200.00,1421.00
2017,"WHITE ALONE, NOT HISPANIC",84680000.00,6.50,7.00,7.10,10.50,14.70,12.40,17.50,10.10,14.00,83390.00,1284.00,114400.00,1331.00
2016,"WHITE ALONE, NOT HISPANIC",84390000.00,6.70,6.90,7.30,10.60,15.60,12.50,17.50,9.60,13.40,80990.00,1045.00,111800.00,1247.00
2015,"WHITE ALONE, NOT HISPANIC",84450000.00,6.30,7.50,8.00,10.70,15.00,12.50,17.90,10.10,12.00,79080.00,1120.00,107500.00,1097.00
2014,"WHITE ALONE, NOT HISPANIC",84230000.00,7.50,7.90,8.00,10.80,15.60,12.90,16.60,9.30,11.50,75640.00,760.00,103500.00,1196.00
2013 5,"WHITE ALONE, NOT HISPANIC",84430000.00,7.40,8.00,7.90,10.10,15.70,13.50,17.00,9.10,11.30,76810.00,1116.00,103400.00,1776.00
2013 6,"WHITE ALONE, NOT HISPANIC",83640000.00,7.10,8.40,7.70,11.10,16.20,13.40,16.90,9.00,10.20,74190.00,1282.00,101000.00,1322.00
2012,"WHITE ALONE, NOT HISPANIC",83790000.00,6.80,8.40,8.30,11.40,16.00,13.30,17.10,8.80,9.90,73460.00,761.00,100300.00,1092.00
2011,"WHITE ALONE, NOT HISPANIC",83570000.00,7.00,8.00,8.40,11.70,16.40,13.10,16.60,8.70,10.00,72780.00,709.00,99910.00,1033.00
2010 7,"WHITE ALONE, NOT HISPANIC",83310000.00,7.00,8.30,8.10,11.00,16.40,12.80,17.50,8.70,10.00,73760.00,994.00,99310.00,1025.00
2009 8,"WHITE ALONE, NOT HISPANIC",83160000.00,6.50,7.60,8.30,11.10,16.60,13.30,17.50,8.80,10.10,74770.00,630.00,100500.00,675.00
2008,"WHITE ALONE, NOT HISPANIC",82880000.00,6.50,8.00,8.20,11.00,15.90,13.30,18.10,8.90,10.10,75930.00,506.00,101300.00,682.00
2007,"WHITE ALONE, NOT HISPANIC",82770000.00,6.10,8.00,7.40,10.90,16.10,13.00,18.20,9.50,10.70,77850.00,576.00,103700.00,688.00
2006,"WHITE ALONE, NOT HISPANIC",82680000.00,6.30,7.60,7.50,11.30,16.60,12.90,18.10,9.20,10.60,76210.00,450.00,104300.00,758.00
2005,"WHITE ALONE, NOT HISPANIC",82000000.00,6.60,7.90,7.50,11.20,16.70,13.00,17.80,9.20,10.10,75980.00,423.00,102600.00,746.00
2004 9,"WHITE ALONE, NOT HISPANIC",81630000.00,6.60,8.30,7.70,11.50,15.90,13.30,17.90,9.10,9.70,75290.00,567.00,100500.00,719.00
2003,"WHITE ALONE, NOT HISPANIC",81150000.00,6.60,8.10,7.80,11.10,16.20,13.30,17.80,9.30,9.80,75390.00,600.00,100800.00,703.00
2002,"WHITE ALONE, NOT HISPANIC",81170000.00,6.70,8.20,7.50,11.40,16.10,13.40,18.40,9.10,9.30,75550.00,488.00,100100.00,700.00
2001,"WHITE, NOT HISPANIC",80820000.00,6.50,8.10,7.60,11.20,16.50,13.50,18.00,9.00,9.60,75520.00,515.00,101800.00,759.00
2000 10,"WHITE, NOT HISPANIC",80530000.00,6.30,7.80,7.50,11.00,16.70,13.30,18.70,8.90,9.80,76080.00,502.00,101800.00,752.00
1999 11,"WHITE, NOT HISPANIC",79820000.00,6.00,7.60,8.10,11.00,16.80,13.40,18.80,9.00,9.30,76180.00,792.00,101100.00,985.00
1998,"WHITE, NOT HISPANIC",78580000.00,6.40,7.80,7.50,11.40,17.20,14.00,18.50,8.60,8.60,74730.00,707.00,98510.00,991.00
1997,"WHITE, NOT HISPANIC",77940000.00,6.70,8.20,8.20,11.60,17.30,14.00,17.90,8.10,8.00,72430.00,622.00,95610.00,
1996,"WHITE, NOT HISPANIC",77240000.00,6.90,8.50,8.20,12.00,17.30,14.20,18.20,7.40,7.30,70710.00,798.00,92030.00,
1995 12,"WHITE, NOT HISPANIC",76930000.00,6.80,8.50,8.50,12.00,18.20,14.20,17.50,7.60,6.80,69570.00,597.00,90300.00,890.00
1994 13,"WHITE, NOT HISPANIC",77000000.00,7.30,9.00,8.60,12.50,17.80,14.10,17.00,7.00,6.60,67290.00,586.00,88460.00,863.00
1993 14,"WHITE, NOT HISPANIC",75700000.00,7.80,8.70,8.40,12.60,18.10,14.20,16.90,7.00,6.20,66890.00,644.00,86960.00,853.00
1992 15,"WHITE, NOT HISPANIC",75110000.00,7.60,8.90,8.60,11.90,18.60,14.30,17.60,6.80,5.60,66780.00,680.00,83500.00,634.00
1991,"WHITE, NOT HISPANIC",75630000.00,7.50,8.60,8.50,12.50,18.60,14.70,17.10,7.00,5.50,66480.00,538.00,83040.00,609.00
1990,"WHITE, NOT HISPANIC",75040000.00,7.40,8.00,8.30,12.40,19.00,14.70,17.50,6.80,5.80,68090.00,522.00,84780.00,631.00
1989,"WHITE, NOT HISPANIC",74500000.00,6.90,8.40,8.40,11.90,18.50,14.90,17.70,7.30,6.10,69430.00,559.00,86730.00,699.00
1988,"WHITE, NOT HISPANIC",74070000.00,7.50,8.00,8.10,12.40,18.70,15.00,17.80,6.90,5.60,69010.00,668.00,84450.00,653.00
1987 16,"WHITE, NOT HISPANIC",73120000.00,7.70,8.30,8.20,12.20,18.40,15.30,17.80,6.80,5.20,68270.00,625.00,83370.00,637.00
1986,"WHITE, NOT HISPANIC",72070000.00,8.10,8.30,8.30,12.20,18.60,15.50,17.50,6.40,5.10,66960.00,568.00,81740.00,617.00
1985 17,"WHITE, NOT HISPANIC",71540000.00,8.10,8.90,8.60,12.70,19.30,15.20,16.60,6.10,4.40,64750.00,544.00,78430.00,586.00
1984 18,"WHITE, NOT HISPANIC",70590000.00,8.10,9.10,9.00,13.20,19.70,14.90,16.40,5.70,4.00,63460.00,580.00,76490.00,562.00
1983,"WHITE, NOT HISPANIC",69650000.00,8.60,8.90,9.50,13.30,20.10,15.00,15.60,5.20,3.70,61530.00,509.00,74370.00,523.00
1982,"WHITE, NOT HISPANIC",69210000.00,8.80,9.30,9.20,13.20,20.50,14.90,15.50,5.00,3.50,61280.00,507.00,73300.00,516.00
1981,"WHITE, NOT HISPANIC",69000000.00,8.60,9.30,9.30,13.40,19.60,15.90,15.50,5.30,3.00,61880.00,518.00,72760.00,498.00
1980,"WHITE, NOT HISPANIC",68110000.00,8.50,9.20,9.00,13.10,20.00,16.10,16.00,5.20,3.00,63050.00,589.00,73610.00,545.00
1979 19,"WHITE, NOT HISPANIC",67200000.00,8.40,8.70,8.60,13.00,19.80,16.40,16.50,5.30,3.40,64440.00,587.00,75700.00,545.00
1978,"WHITE, NOT HISPANIC",64840000.00,8.10,9.30,8.70,12.80,19.70,16.40,16.70,4.80,3.40,64310.00,557.00,74990.00,530.00
1977,"WHITE, NOT HISPANIC",63720000.00,8.50,9.60,9.00,12.60,20.60,16.30,15.90,4.60,2.90,62680.00,581.00,72930.00,567.00
1976 20,"WHITE, NOT HISPANIC",62370000.00,8.70,9.10,8.90,13.20,20.70,16.60,15.70,4.30,2.70,62170.00,596.00,71960.00,528.00
1975 21,"WHITE, NOT HISPANIC",61530000.00,8.80,9.80,9.10,13.60,21.00,16.50,14.90,3.90,2.50,60250.00,526.00,70090.00,558.00
"1974 21, 22","WHITE, NOT HISPANIC",60160000.00,8.50,8.90,8.70,12.90,21.90,16.50,15.40,4.40,2.70,62000.00,501.00,72090.00,518.00
1973,"WHITE, NOT HISPANIC",59240000.00,8.80,9.00,8.30,11.90,21.40,16.60,16.40,4.60,3.10,64080.00,493.00,73620.00,512.00
1972 23,"WHITE, NOT HISPANIC",58010000.00,9.50,8.70,8.20,12.70,21.80,16.70,15.20,4.40,2.80,63130.00,493.00,72570.00,533.00
2023,BLACK ALONE OR IN COMBINATION,19240000.00,13.80,9.70,8.40,12.50,17.40,12.10,13.10,5.60,7.30,56880.00,1365.00,81160.00,2352.00
2022,BLACK ALONE OR IN COMBINATION,19160000.00,13.30,9.50,9.80,12.70,17.90,11.90,12.10,6.30,6.70,55620.00,1605.00,80220.00,2098.00
2021,BLACK ALONE OR IN COMBINATION,18700000.00,13.50,11.30,9.40,12.50,16.40,11.60,12.50,5.80,7.20,54660.00,1863.00,80100.00,2104.00
2020 3,BLACK ALONE OR IN COMBINATION,18290000.00,14.60,10.40,9.00,12.80,16.30,11.50,13.20,5.40,6.80,54700.00,1474.00,80620.00,2155.00
2019,BLACK ALONE OR IN COMBINATION,18060000.00,13.90,10.40,9.90,13.20,16.10,10.60,13.10,6.00,6.80,54460.00,1357.00,80290.00,2269.00
2018,BLACK ALONE OR IN COMBINATION,18100000.00,15.90,11.00,9.70,13.70,16.50,10.90,11.60,5.30,5.50,50010.00,1099.00,71210.00,1600.00
2017 4,BLACK ALONE OR IN COMBINATION,17810000.00,15.70,11.70,9.60,14.30,15.80,10.60,11.70,5.10,5.40,48930.00,1383.00,71440.00,1596.00
2017,BLACK ALONE OR IN COMBINATION,17800000.00,16.00,11.10,9.50,14.10,16.00,10.60,12.10,5.40,5.20,49680.00,1009.00,72180.00,1608.00
2016,BLACK ALONE OR IN COMBINATION,17510000.00,16.20,11.40,9.90,13.60,16.00,11.10,11.60,5.30,4.90,49890.00,1194.00,72380.00,1917.00
2015,BLACK ALONE OR IN COMBINATION,17320000.00,16.70,12.00,10.40,13.20,15.90,10.80,11.40,5.40,4.20,46750.00,1128.00,68850.00,1792.00
2014,BLACK ALONE OR IN COMBINATION,17200000.00,17.30,12.20,11.20,13.60,16.60,9.70,10.70,4.70,4.00,44760.00,975.00,64800.00,1431.00
2013 5,BLACK ALONE OR IN COMBINATION,16720000.00,17.10,11.70,11.50,13.60,16.70,10.10,10.50,4.80,4.00,45530.00,1629.00,65790.00,2771.00
2013 6,BLACK ALONE OR IN COMBINATION,16860000.00,17.30,13.30,10.50,14.20,16.40,9.80,10.70,4.40,3.50,44280.00,1466.00,63290.00,1824.00
2012,BLACK ALONE OR IN COMBINATION,16560000.00,18.00,12.80,11.50,13.10,16.40,10.00,10.60,4.30,3.20,43450.00,1692.00,62060.00,1564.00
2011,BLACK ALONE OR IN COMBINATION,16170000.00,19.00,13.00,11.10,13.40,15.40,10.40,10.00,4.40,3.30,42510.00,1195.00,62400.00,1670.00
2010 7,BLACK ALONE OR IN COMBINATION,15910000.00,18.90,12.20,11.00,13.40,16.60,10.00,10.50,4.20,3.20,43550.00,1047.00,61620.00,1397.00
2009 8,BLACK ALONE OR IN COMBINATION,15210000.00,16.60,12.60,11.10,14.30,15.90,10.60,11.60,3.90,3.40,44960.00,944.00,63540.00,1165.00
2008,BLACK ALONE OR IN COMBINATION,15060000.00,16.40,11.60,11.10,14.50,17.30,10.30,11.00,4.50,3.40,46960.00,987.00,63830.00,1098.00
2007,BLACK ALONE OR IN COMBINATION,14980000.00,16.70,11.60,9.60,14.10,16.40,11.30,11.90,4.70,3.60,48320.00,1084.00,66380.00,1194.00
2006,BLACK ALONE OR IN COMBINATION,14710000.00,16.70,11.60,10.50,13.70,17.10,10.80,11.10,4.70,3.70,46710.00,569.00,66140.00,1334.00
2005,BLACK ALONE OR IN COMBINATION,14400000.00,17.50,12.00,10.80,13.20,17.20,10.70,11.00,4.20,3.40,46310.00,726.00,63920.00,1144.00
2004 9,BLACK ALONE OR IN COMBINATION,14150000.00,17.30,11.60,10.60,14.40,16.50,10.90,11.50,4.10,3.10,46540.00,701.00,62740.00,1096.00
2003,BLACK ALONE OR IN COMBINATION,13970000.00,16.70,12.30,10.50,13.60,16.60,11.20,11.40,4.50,3.10,46850.00,968.00,63620.00,1108.00
2002,BLACK ALONE OR IN COMBINATION,13780000.00,16.60,12.30,10.20,14.10,17.30,10.30,11.30,4.40,3.40,47000.00,1018.00,64970.00,1245.00
2023,BLACK ALONE,18040000.00,13.90,9.80,8.50,12.60,17.10,12.10,13.20,5.50,7.30,56490.00,1328.00,80710.00,2422.00
2022,BLACK ALONE,18080000.00,13.40,9.70,9.80,12.60,17.80,11.50,12.20,6.40,6.60,54960.00,1528.00,79560.00,2199.00
2021,BLACK ALONE,17700000.00,13.60,11.50,9.30,12.40,16.30,11.70,12.30,5.70,7.10,54080.00,1880.00,79400.00,2176.00
2020 3,BLACK ALONE,17320000.00,14.90,10.50,9.10,12.90,16.40,11.40,12.80,5.30,6.60,53840.00,1483.00,79280.00,2289.00
2019,BLACK ALONE,17050000.00,14.20,10.50,9.90,13.30,16.10,10.60,13.20,5.80,6.50,53710.00,1432.00,78670.00,2225.00
2018,BLACK ALONE,17170000.00,16.30,11.00,9.50,13.80,16.50,10.80,11.50,5.20,5.30,49620.00,1087.00,70370.00,1614.00
2017 4,BLACK ALONE,17020000.00,16.00,11.90,9.60,14.40,15.80,10.50,11.60,5.10,5.30,48170.00,1707.00,71010.00,1653.00
2017,BLACK ALONE,17000000.00,16.30,11.20,9.50,14.00,16.10,10.50,11.80,5.30,5.20,49270.00,1162.00,71700.00,1661.00
2016,BLACK ALONE,16730000.00,16.60,11.50,9.90,13.60,15.80,11.10,11.50,5.20,4.70,49170.00,1477.00,71530.00,1909.00
2015,BLACK ALONE,16540000.00,16.80,12.10,10.50,13.20,15.80,10.70,11.40,5.30,4.10,46350.00,1060.00,68280.00,1779.00
2014,BLACK ALONE,16440000.00,17.40,12.40,11.20,13.70,16.70,9.50,10.60,4.60,4.00,44440.00,952.00,64310.00,1427.00
2013 5,BLACK ALONE,16010000.00,17.60,12.00,11.40,13.60,16.30,10.20,10.40,4.70,3.80,44970.00,1795.00,64240.00,2482.00
2013 6,BLACK ALONE,16110000.00,17.40,13.30,10.50,14.20,16.30,9.90,10.60,4.40,3.50,44050.00,1525.00,63190.00,1854.00
2012,BLACK ALONE,15870000.00,18.20,12.90,11.60,13.10,16.40,10.00,10.40,4.30,3.10,42940.00,1675.00,61520.00,1596.00
2011,BLACK ALONE,15580000.00,19.10,13.00,11.10,13.30,15.40,10.40,9.90,4.40,3.20,42330.00,1100.00,62070.00,1735.00
2010 7,BLACK ALONE,15270000.00,19.10,12.20,11.00,13.30,16.70,10.10,10.40,4.10,3.10,43510.00,1112.00,60890.00,1395.00
2009 8,BLACK ALONE,14730000.00,16.70,12.70,11.10,14.30,15.90,10.50,11.70,3.90,3.20,44730.00,890.00,63220.00,1186.00
2008,BLACK ALONE,14600000.00,16.50,11.60,11.20,14.40,17.30,10.20,10.90,4.50,3.30,46790.00,992.00,63630.00,1120.00
2007,BLACK ALONE,14550000.00,16.70,11.60,9.70,14.20,16.40,11.40,11.80,4.70,3.40,48080.00,1108.00,66100.00,1213.00
2006,BLACK ALONE,14350000.00,16.80,11.70,10.50,13.80,17.10,10.80,11.10,4.60,3.60,46480.00,576.00,65610.00,1334.00
2005,BLACK ALONE,14000000.00,17.60,12.00,10.70,13.20,17.30,10.70,11.00,4.10,3.40,46160.00,741.00,63510.00,1135.00
2004 9,BLACK ALONE,13810000.00,17.30,11.60,10.70,14.50,16.50,10.80,11.40,4.10,3.10,46330.00,793.00,62550.00,1114.00
2003,BLACK ALONE,13630000.00,16.90,12.20,10.50,13.60,16.70,11.10,11.40,4.50,3.10,46780.00,1002.00,63320.00,1116.00
2002,BLACK ALONE,13470000.00,16.70,12.30,10.20,14.20,17.30,10.30,11.30,4.40,3.30,46750.00,1036.00,64450.00,1224.00
2001,BLACK,13320000.00,16.30,11.40,10.20,14.30,17.00,11.60,11.80,4.50,2.80,48060.00,931.00,64010.00,1111.00
2000 10,BLACK,13170000.00,15.30,10.80,10.50,13.80,18.00,12.10,11.60,4.70,3.20,49470.00,1078.00,65340.00,1089.00
1999 11,BLACK,12840000.00,15.90,12.10,10.30,13.10,17.00,11.00,11.70,5.20,3.80,48150.00,1476.00,66350.00,1567.00
1998,BLACK,12580000.00,18.50,12.00,10.60,13.90,16.50,10.70,11.10,4.10,2.70,44640.00,1150.00,60110.00,1321.00
1997,BLACK,12470000.00,18.00,12.20,10.80,14.20,17.00,11.20,10.90,3.60,2.10,44710.00,1265.00,58840.00,1389.00
1996,BLACK,12110000.00,18.30,13.30,11.30,13.70,16.70,10.10,10.90,3.60,2.00,42810.00,1386.00,59180.00,1901.00
1995 12,BLACK,11580000.00,19.20,13.10,10.70,13.90,17.10,10.90,10.30,3.10,1.70,41900.00,1176.00,56890.00,1601.00
1994 13,BLACK,11660000.00,20.60,13.20,11.70,13.70,14.60,10.60,10.00,3.40,2.20,40280.00,1232.00,56050.00,1323.00
1993 14,BLACK,11280000.00,21.80,14.80,10.30,14.20,15.90,9.40,8.70,3.10,1.80,38230.00,1243.00,53300.00,1455.00
1992 15,BLACK,11270000.00,23.30,13.80,10.60,13.10,16.40,9.90,8.80,2.80,1.50,37620.00,1264.00,51050.00,1138.00
1991,BLACK,11080000.00,22.80,13.40,10.80,12.90,16.50,10.50,9.00,2.70,1.40,38680.00,1336.00,51510.00,1106.00
1990,BLACK,10670000.00,22.00,13.50,10.30,13.20,16.60,10.40,9.20,3.30,1.40,39810.00,1494.00,52890.00,1175.00
1989,BLACK,10490000.00,21.50,12.90,10.60,13.90,16.10,10.80,9.70,3.00,1.50,40420.00,1353.00,53630.00,1199.00
1988,BLACK,10560000.00,22.40,14.00,10.40,13.70,15.40,9.70,10.10,2.50,1.70,38280.00,1313.00,52450.00,1259.00
1987 16,BLACK,10190000.00,22.80,13.70,11.00,14.10,15.70,9.90,8.40,2.90,1.50,37920.00,1194.00,51200.00,1158.00
1986,BLACK,9922000.00,22.60,13.50,11.20,13.30,15.90,10.80,8.90,2.70,1.20,37720.00,1218.00,50610.00,1132.00
1985 17,BLACK,9797000.00,21.90,14.20,11.30,15.20,15.80,10.00,8.60,2.00,1.00,37680.00,1205.00,49160.00,1050.00
1984 18,BLACK,9480000.00,22.10,15.50,12.70,14.40,15.50,8.70,8.20,2.20,0.70,35420.00,1120.00,47230.00,956.00
1983,BLACK,9236000.00,23.70,15.70,11.50,14.70,15.20,9.40,7.60,1.90,0.40,34040.00,1050.00,45280.00,919.00
1982,BLACK,8916000.00,23.20,15.10,13.00,13.80,17.10,9.40,6.60,1.30,0.60,34160.00,901.00,44940.00,925.00
1981,BLACK,8961000.00,22.70,16.30,12.00,14.50,15.40,9.80,7.50,1.60,0.30,34230.00,946.00,44960.00,896.00
1980,BLACK,8847000.00,21.90,15.80,12.60,13.90,16.70,9.40,7.80,1.60,0.50,35690.00,1107.00,46320.00,938.00
1979 19,BLACK,8586000.00,20.50,15.10,12.20,15.00,16.30,10.30,8.20,1.80,0.50,37310.00,1120.00,47870.00,969.00
1978,BLACK,8066000.00,20.10,15.60,11.50,14.40,17.70,9.60,8.90,1.70,0.50,37930.00,1320.00,48480.00,1041.00
1977,BLACK,7977000.00,19.90,15.80,13.20,15.50,16.40,10.20,7.10,1.40,0.50,36270.00,800.00,46470.00,680.00
1976 20,BLACK,7776000.00,19.60,16.50,13.10,14.10,17.90,10.40,6.80,1.30,0.40,36230.00,739.00,46290.00,679.00
1975 21,BLACK,7489000.00,20.50,17.10,11.70,15.40,17.60,10.00,6.20,1.10,0.40,35900.00,869.00,44810.00,654.00
"1974 21, 22",BLACK,7263000.00,19.50,16.00,12.70,16.30,18.00,9.10,7.00,1.10,0.30,36560.00,725.00,45470.00,665.00
1973,BLACK,7040000.00,18.80,16.30,12.40,15.30,18.20,10.50,6.50,1.30,0.70,37390.00,958.00,46430.00,759.00
1972 23,BLACK,6809000.00,20.00,15.70,13.40,15.70,16.80,10.10,6.50,1.20,0.60,36330.00,896.00,45900.00,805.00
1971 24,BLACK,6578000.00,21.10,15.40,13.50,16.30,17.60,9.00,6.00,0.80,0.30,35270.00,863.00,43710.00,739.00
1970,BLACK,6180000.00,21.30,14.60,12.90,15.90,18.60,9.10,6.30,1.00,0.30,36510.00,824.00,44580.00,792.00
1969,BLACK,6053000.00,21.20,14.50,13.50,17.20,17.90,9.20,5.50,0.70,0.20,36590.00,887.00,43560.00,762.00
1968,BLACK,5870000.00,21.50,15.80,14.10,16.30,18.10,8.30,5.00,0.70,0.20,34270.00,818.00,41730.00,723.00
1967 25,BLACK,5728000.00,23.50,16.70,13.10,18.20,16.00,7.20,3.70,1.00,0.50,32410.00,888.00,38940.00,715.00
2023,ASIAN ALONE OR IN COMBINATION,8278000.00,5.70,4.60,4.60,7.60,11.60,10.20,17.50,11.70,26.50,112200.00,3788.00,157800.00,5052.00
2022,ASIAN ALONE OR IN COMBINATION,8160000.00,6.90,4.70,4.40,6.60,11.90,9.80,19.10,12.10,24.40,113700.00,3933.00,153500.00,4943.00
2021,ASIAN ALONE OR IN COMBINATION,7852000.00,7.20,4.70,5.40,5.80,12.20,10.10,17.30,11.50,25.70,113200.00,3033.00,154300.00,5450.00
2020 3,ASIAN ALONE OR IN COMBINATION,7555000.00,6.00,5.20,4.10,7.30,12.90,10.20,16.60,11.80,25.90,111100.00,4160.00,154600.00,4949.00
2019,ASIAN ALONE OR IN COMBINATION,7334000.00,5.40,4.10,4.70,6.60,12.20,11.00,18.20,12.90,24.80,114800.00,3246.00,155600.00,5134.00
2018,ASIAN ALONE OR IN COMBINATION,7416000.00,7.20,5.00,5.20,7.70,12.30,11.10,17.90,11.80,21.80,104100.00,2916.00,142600.00,4233.00
2017 4,ASIAN ALONE OR IN COMBINATION,7124000.00,7.40,4.80,5.10,7.90,13.40,12.10,16.70,11.90,20.60,99130.00,2216.00,139400.00,5131.00
2017,ASIAN ALONE OR IN COMBINATION,7114000.00,7.80,4.90,5.20,7.50,13.20,12.40,16.50,11.50,21.10,99080.00,2319.00,139200.00,4845.00
2016,ASIAN ALONE OR IN COMBINATION,6750000.00,7.40,5.00,5.40,7.90,12.30,12.20,17.90,12.00,19.90,100600.00,2317.00,133100.00,3630.00
2015,ASIAN ALONE OR IN COMBINATION,6640000.00,8.10,5.10,5.30,7.70,13.50,11.70,17.60,11.50,19.40,96430.00,2891.00,132100.00,4544.00
2014,ASIAN ALONE OR IN COMBINATION,6333000.00,7.90,5.10,6.20,8.80,12.30,12.30,18.00,12.90,16.40,93940.00,4091.00,123200.00,3979.00
2013 5,ASIAN ALONE OR IN COMBINATION,6160000.00,7.90,6.30,4.90,8.20,13.80,12.20,18.80,10.80,17.10,92270.00,6685.00,128700.00,8847.00
2013 6,ASIAN ALONE OR IN COMBINATION,6111000.00,8.80,5.40,6.60,8.30,14.70,13.60,17.20,10.50,15.00,85770.00,3816.00,116300.00,4744.00
2012,ASIAN ALONE OR IN COMBINATION,5872000.00,8.00,5.30,6.40,8.60,14.60,13.40,17.40,11.10,15.20,87860.00,3682.00,118200.00,4015.00
2011,ASIAN ALONE OR IN COMBINATION,5705000.00,8.20,6.10,6.90,9.60,13.70,13.00,18.70,11.00,12.80,85370.00,3379.00,112700.00,4436.00
2010 7,ASIAN ALONE OR IN COMBINATION,5550000.00,8.00,5.70,7.70,8.30,14.40,12.50,17.10,11.10,15.10,86030.00,3264.00,113400.00,3582.00
2009 8,ASIAN ALONE OR IN COMBINATION,4940000.00,8.70,5.90,6.20,9.10,13.20,12.00,18.10,10.70,16.10,89340.00,3241.00,123700.00,3997.00
2008,ASIAN ALONE OR IN COMBINATION,4805000.00,8.10,6.00,7.00,8.70,13.90,10.90,17.90,12.30,15.30,89650.00,3178.00,118000.00,3345.00
2007,ASIAN ALONE OR IN COMBINATION,4715000.00,7.50,5.70,5.70,8.40,13.50,12.30,20.10,11.30,15.60,93380.00,3232.00,119900.00,3372.00
2006,ASIAN ALONE OR IN COMBINATION,4664000.00,6.80,5.40,5.50,8.50,15.30,11.40,18.90,11.50,16.70,92900.00,3867.00,127300.00,4381.00
2005,ASIAN ALONE OR IN COMBINATION,4500000.00,8.10,5.70,5.50,7.80,14.40,12.90,18.90,11.30,15.30,91330.00,1794.00,119700.00,3436.00
2004 9,ASIAN ALONE OR IN COMBINATION,4346000.00,7.50,5.90,5.70,8.80,14.10,13.80,18.70,11.10,14.50,88440.00,2932.00,117200.00,3639.00
2003,ASIAN ALONE OR IN COMBINATION,4235000.00,10.20,6.40,6.40,6.80,14.10,12.40,19.00,11.20,13.60,87200.00,3198.00,109500.00,3099.00
2002,ASIAN ALONE OR IN COMBINATION,4079000.00,7.60,5.80,6.50,9.90,14.80,13.60,17.60,11.20,13.00,84220.00,2096.00,111900.00,3500.00
2023,ASIAN ALONE,7655000.00,5.80,4.60,4.70,7.50,11.40,10.00,17.30,11.70,26.90,112800.00,4187.00,158200.00,5301.00
2022,ASIAN ALONE,7609000.00,7.30,4.60,4.40,6.50,11.80,9.80,18.80,12.20,24.60,113100.00,4040.00,153500.00,5145.00
2021,ASIAN ALONE,7276000.00,7.30,4.80,5.60,5.70,12.10,9.90,17.10,11.30,26.30,113600.00,3211.00,155600.00,5760.00
2020 3,ASIAN ALONE,7002000.00,6.00,5.30,4.20,7.30,13.00,9.90,16.40,12.00,25.80,111300.00,4451.00,153700.00,4806.00
2019,ASIAN ALONE,6853000.00,5.60,4.10,4.70,6.80,12.00,10.30,18.40,12.80,25.30,116000.00,3627.00,157300.00,5248.00
2018,ASIAN ALONE,6981000.00,7.30,5.00,5.00,7.80,12.20,10.90,17.90,11.90,22.00,104600.00,3365.00,143700.00,4462.00
2017 4,ASIAN ALONE,6750000.00,7.40,4.90,4.90,7.70,13.50,12.00,16.90,12.00,20.70,99600.00,2176.00,140000.00,5300.00
2017,ASIAN ALONE,6735000.00,7.80,5.00,5.00,7.30,13.10,12.40,16.60,11.50,21.30,99530.00,2402.00,139600.00,4944.00
2016,ASIAN ALONE,6392000.00,7.40,4.80,5.30,8.00,12.10,12.20,17.90,12.10,20.30,101400.00,2386.00,134500.00,3728.00
2015,ASIAN ALONE,6328000.00,8.00,4.90,5.30,7.70,13.30,11.80,17.90,11.40,19.60,96940.00,3507.00,132400.00,4602.00
2014,ASIAN ALONE,6040000.00,8.20,5.20,6.20,8.70,12.30,12.30,17.60,12.90,16.50,93270.00,4351.00,122500.00,3965.00
2013 5,ASIAN ALONE,5818000.00,8.10,6.20,4.90,7.90,13.90,12.50,18.40,10.80,17.40,92160.00,7041.00,128900.00,9354.00
2013 6,ASIAN ALONE,5759000.00,8.90,5.50,6.70,8.40,14.50,13.70,16.70,10.80,14.80,85390.00,3602.00,115500.00,4830.00
2012,ASIAN ALONE,5560000.00,8.10,5.40,6.40,8.50,14.40,13.40,17.70,11.10,15.20,88450.00,4006.00,117800.00,3892.00
2011,ASIAN ALONE,5374000.00,8.20,6.00,7.00,9.70,13.60,13.10,18.80,11.10,12.60,85550.00,3386.00,112500.00,4479.00
2010 7,ASIAN ALONE,5212000.00,8.20,5.60,7.60,8.30,14.00,12.40,17.10,11.30,15.50,87030.00,3509.00,114600.00,3778.00
2009 8,ASIAN ALONE,4687000.00,8.60,5.90,6.20,9.10,12.90,12.20,18.00,10.90,16.20,89880.00,2861.00,124700.00,4167.00
2008,ASIAN ALONE,4573000.00,8.20,6.10,7.00,8.50,13.90,10.90,17.70,12.30,15.40,89750.00,3118.00,117800.00,3381.00
2007,ASIAN ALONE,4494000.00,7.40,5.80,5.60,8.40,13.40,12.20,20.10,11.40,15.70,93700.00,3230.00,120500.00,3498.00
2006,ASIAN ALONE,4454000.00,6.80,5.60,5.60,8.50,14.90,11.40,18.80,11.30,17.10,93390.00,4003.00,128400.00,4544.00
2005,ASIAN ALONE,4273000.00,8.20,5.80,5.40,7.80,14.20,13.10,18.70,11.30,15.40,91400.00,1752.00,119800.00,3477.00
2004 9,ASIAN ALONE,4123000.00,7.40,5.90,5.80,8.70,13.90,13.80,18.60,11.10,14.80,88520.00,3094.00,117800.00,3748.00
2003,ASIAN ALONE,4040000.00,10.30,6.40,6.30,6.50,14.10,12.40,18.90,11.20,13.90,87890.00,2840.00,110400.00,3216.00
2002,ASIAN ALONE,3917000.00,7.40,5.80,6.50,10.10,14.50,13.60,17.50,11.20,13.30,84770.00,2440.00,112800.00,3620.00
2001,ASIAN AND PACIFIC ISLANDER,4071000.00,7.60,5.70,6.30,9.40,14.50,13.40,18.00,10.80,14.20,87470.00,3434.00,119300.00,4633.00
2000 10,ASIAN AND PACIFIC ISLANDER,3963000.00,6.40,5.50,5.40,8.80,15.00,11.70,21.40,10.00,15.70,92980.00,2609.00,121400.00,4145.00
1999 11,ASIAN AND PACIFIC ISLANDER,3742000.00,7.60,5.80,5.90,8.00,17.00,11.90,18.50,9.80,15.60,87910.00,5097.00,116300.00,4847.00
1998,ASIAN AND PACIFIC ISLANDER,3308000.00,8.10,5.70,5.90,9.70,16.30,13.00,19.30,11.40,10.50,82120.00,3760.00,106000.00,5037.00
1997,ASIAN AND PACIFIC ISLANDER,3125000.00,8.10,7.40,5.40,9.40,16.20,13.50,18.60,11.40,10.00,80760.00,3694.00,105100.00,5358.00
1996,ASIAN AND PACIFIC ISLANDER,2998000.00,9.10,6.80,6.20,9.30,17.10,12.40,19.20,10.40,9.50,78900.00,4652.00,103100.00,6082.00
1995 12,ASIAN AND PACIFIC ISLANDER,2777000.00,8.70,7.80,7.30,8.10,17.80,13.90,19.20,7.90,9.40,76000.00,3137.00,103300.00,6858.00
1994 13,ASIAN AND PACIFIC ISLANDER,2040000.00,8.60,7.30,7.10,9.50,15.90,14.30,19.00,8.40,9.80,77540.00,4834.00,100700.00,5902.00
1993 14,ASIAN AND PACIFIC ISLANDER,2233000.00,10.20,7.90,7.00,10.80,14.60,11.80,19.80,9.80,8.20,75060.00,6073.00,98350.00,6514.00
1992 15,ASIAN AND PACIFIC ISLANDER,2262000.00,8.40,7.40,7.30,9.80,16.60,15.30,18.30,8.80,8.20,75820.00,3600.00,93980.00,4250.00
1991,ASIAN AND PACIFIC ISLANDER,2094000.00,8.40,7.10,6.20,11.80,16.50,13.40,18.60,9.30,8.70,74970.00,3979.00,95190.00,4615.00
1990,ASIAN AND PACIFIC ISLANDER,1958000.00,7.10,6.80,6.90,8.50,15.90,16.00,19.40,10.20,9.10,81960.00,3994.00,98930.00,4607.00
1989,ASIAN AND PACIFIC ISLANDER,1988000.00,5.70,7.70,6.10,9.80,17.10,14.00,20.80,9.50,9.20,80700.00,3589.00,100300.00,4802.00
1988,ASIAN AND PACIFIC ISLANDER,1913000.00,7.30,7.50,8.00,9.40,17.70,13.80,17.90,10.00,8.50,75290.00,5090.00,94130.00,4625.00
1987 16,ASIAN AND PACIFIC ISLANDER,,9.10,8.00,8.20,9.90,13.10,15.00,18.00,10.80,8.00,77980.00,4768.00,,
2023,AMERICAN INDIAN AND ALASKA NATIVE ALONE OR IN COMBINATION,2597000.00,10.30,9.40,9.10,10.60,20.10,11.80,14.20,6.10,8.40,61060.00,3062.00,90790.00,7693.00
2022,AMERICAN INDIAN AND ALASKA NATIVE ALONE OR IN COMBINATION,2464000.00,11.30,9.90,7.70,14.10,17.40,13.30,14.60,5.40,6.10,60360.00,4093.00,79420.00,4444.00
2021,AMERICAN INDIAN AND ALASKA NATIVE ALONE OR IN COMBINATION,2475000.00,14.70,9.10,9.00,11.40,17.40,10.70,14.70,5.70,7.30,57430.00,1576.00,81940.00,5447.00
2020 3,AMERICAN INDIAN AND ALASKA NATIVE ALONE OR IN COMBINATION,2333000.00,9.20,11.50,8.60,12.10,16.30,14.80,13.50,6.70,7.40,63330.00,4260.00,86820.00,5542.00
2019,AMERICAN INDIAN AND ALASKA NATIVE ALONE OR IN COMBINATION,2350000.00,11.20,9.30,8.10,13.80,16.30,11.40,16.50,6.10,7.30,60290.00,2389.00,82230.00,4606.00
2018,AMERICAN INDIAN AND ALASKA NATIVE ALONE OR IN COMBINATION,2481000.00,12.90,11.30,8.30,13.20,17.60,12.40,12.50,6.70,5.20,56700.00,4219.00,76550.00,4059.00
2017 4,AMERICAN INDIAN AND ALASKA NATIVE ALONE OR IN COMBINATION,2514000.00,13.40,10.30,9.60,13.70,16.90,11.20,13.30,4.40,7.10,54550.00,5245.00,78060.00,4325.00
2017,AMERICAN INDIAN AND ALASKA NATIVE ALONE OR IN COMBINATION,2510000.00,13.20,11.40,8.30,13.30,16.40,12.40,13.70,5.40,5.90,55080.00,4808.00,77330.00,4084.00
2016,AMERICAN INDIAN AND ALASKA NATIVE ALONE OR IN COMBINATION,2443000.00,13.20,10.30,9.80,13.90,18.50,10.10,11.80,5.50,6.90,52980.00,3188.00,80420.00,5459.00
2015,AMERICAN INDIAN AND ALASKA NATIVE ALONE OR IN COMBINATION,2436000.00,14.20,10.60,9.40,13.70,16.60,11.90,12.20,6.60,4.90,53730.00,4446.00,74280.00,4483.00
2014,AMERICAN INDIAN AND ALASKA NATIVE ALONE OR IN COMBINATION,2247000.00,13.80,11.20,11.10,11.70,17.60,11.90,11.80,6.40,4.50,52560.00,2890.00,71590.00,3103.00
2013 5,AMERICAN INDIAN AND ALASKA NATIVE ALONE OR IN COMBINATION,2041000.00,15.70,13.20,9.20,11.70,13.10,13.90,12.10,4.80,6.20,50640.00,7129.00,79030.00,12910.00
2013 6,AMERICAN INDIAN AND ALASKA NATIVE ALONE OR IN COMBINATION,2119000.00,13.50,12.40,10.70,15.60,16.90,12.40,11.20,3.90,3.60,47690.00,3100.00,64690.00,4170.00
2012,AMERICAN INDIAN AND ALASKA NATIVE ALONE OR IN COMBINATION,2233000.00,15.30,12.30,11.40,13.60,17.80,10.30,11.20,4.50,3.60,47250.00,2301.00,64590.00,3323.00
2011,AMERICAN INDIAN AND ALASKA NATIVE ALONE OR IN COMBINATION,2162000.00,13.40,11.60,11.90,15.00,17.60,11.00,10.70,4.40,4.30,48220.00,3054.00,67400.00,3315.00
2010 7,AMERICAN INDIAN AND ALASKA NATIVE ALONE OR IN COMBINATION,2040000.00,15.10,12.20,9.70,12.80,17.20,10.60,12.30,6.90,3.30,50320.00,4971.00,67620.00,3706.00
2009 8,AMERICAN INDIAN AND ALASKA NATIVE ALONE OR IN COMBINATION,1820000.00,13.60,10.90,11.20,14.10,15.60,12.80,12.20,5.50,4.20,50960.00,2922.00,72230.00,3652.00
2008,AMERICAN INDIAN AND ALASKA NATIVE ALONE OR IN COMBINATION,1932000.00,12.60,9.40,10.60,14.20,16.80,13.20,13.20,5.70,4.30,54230.00,3235.00,73740.00,4357.00
2007,AMERICAN INDIAN AND ALASKA NATIVE ALONE OR IN COMBINATION,1919000.00,13.60,10.60,8.80,13.60,17.70,12.20,14.10,5.30,4.10,54240.00,2779.00,72400.00,3418.00
2006,AMERICAN INDIAN AND ALASKA NATIVE ALONE OR IN COMBINATION,1848000.00,12.60,11.40,10.60,12.70,19.20,10.00,12.30,6.20,5.00,52810.00,2750.00,72770.00,3606.00
2005,AMERICAN INDIAN AND ALASKA NATIVE ALONE OR IN COMBINATION,1873000.00,14.40,9.70,9.60,13.30,16.40,12.90,13.20,5.60,4.80,54180.00,2987.00,73410.00,3250.00
2004 9,AMERICAN INDIAN AND ALASKA NATIVE ALONE OR IN COMBINATION,1894000.00,11.40,9.80,10.30,13.90,17.10,12.10,14.80,5.20,5.50,55340.00,3366.00,78590.00,5407.00
2003,AMERICAN INDIAN AND ALASKA NATIVE ALONE OR IN COMBINATION,1752000.00,10.90,11.80,10.00,12.60,15.90,12.60,15.00,6.10,5.10,56930.00,,76090.00,
2002,AMERICAN INDIAN AND ALASKA NATIVE ALONE OR IN COMBINATION,1651000.00,12.10,10.70,9.00,14.20,20.40,11.60,12.20,5.70,4.10,54810.00,,73760.00,
2023,AMERICAN INDIAN AND ALASKA NATIVE ALONE,1414000.00,11.50,8.70,9.10,12.30,19.60,11.70,14.30,6.50,6.20,57270.00,3882.00,82660.00,7497.00
2022,AMERICAN INDIAN AND ALASKA NATIVE ALONE,1371000.00,11.80,10.40,9.10,15.00,17.50,12.10,12.30,5.50,6.20,54910.00,5170.00,78210.00,6280.00
2021,AMERICAN INDIAN AND ALASKA NATIVE ALONE,1430000.00,13.90,9.80,9.60,11.30,17.90,11.20,13.10,5.80,7.40,57220.00,2836.00,81860.00,8653.00
2020 3,AMERICAN INDIAN AND ALASKA NATIVE ALONE,1377000.00,10.00,13.40,8.40,13.70,16.80,13.30,11.40,5.50,7.40,57170.00,5258.00,81330.00,6813.00
2019,AMERICAN INDIAN AND ALASKA NATIVE ALONE,1329000.00,13.40,8.20,8.00,14.20,17.10,11.60,16.20,5.20,6.10,58380.00,4573.00,78060.00,5412.00
2018,AMERICAN INDIAN AND ALASKA NATIVE ALONE,1331000.00,13.90,11.80,8.30,14.20,18.50,10.50,12.30,6.10,4.50,52510.00,5615.00,73880.00,5492.00
2017 4,AMERICAN INDIAN AND ALASKA NATIVE ALONE,1327000.00,16.10,10.90,10.10,14.30,16.30,10.30,11.10,4.10,6.80,47000.00,5945.00,73980.00,6431.00
2017,AMERICAN INDIAN AND ALASKA NATIVE ALONE,1326000.00,15.90,12.80,7.10,14.00,15.40,12.10,11.10,5.90,5.70,50440.00,5134.00,75720.00,6754.00
2016,AMERICAN INDIAN AND ALASKA NATIVE ALONE,1314000.00,14.10,10.50,9.50,14.30,19.10,9.40,11.60,5.30,6.20,51900.00,2931.00,78870.00,8545.00
2015,AMERICAN INDIAN AND ALASKA NATIVE ALONE,1417000.00,15.70,9.90,10.00,14.30,15.70,12.90,10.80,5.80,5.00,50160.00,5293.00,70330.00,4476.00
2014,AMERICAN INDIAN AND ALASKA NATIVE ALONE,1264000.00,14.20,10.40,11.40,12.20,16.70,12.80,12.40,5.70,4.20,52100.00,3542.00,70840.00,3996.00
2013 5,AMERICAN INDIAN AND ALASKA NATIVE ALONE,1045000.00,17.30,14.20,9.40,13.90,11.10,15.00,11.00,4.30,3.80,43750.00,8276.00,62950.00,7461.00
2013 6,AMERICAN INDIAN AND ALASKA NATIVE ALONE,1108000.00,14.00,14.70,10.50,16.40,18.20,10.90,10.30,2.10,2.90,45290.00,3478.00,59020.00,4342.00
2012,AMERICAN INDIAN AND ALASKA NATIVE ALONE,1196000.00,19.00,12.00,10.90,13.60,18.10,10.00,9.60,3.90,2.90,44310.00,3896.00,60900.00,5221.00
2011,AMERICAN INDIAN AND ALASKA NATIVE ALONE,1108000.00,15.10,13.20,12.50,15.00,17.10,10.20,9.20,3.90,3.80,42850.00,3967.00,61690.00,4661.00
2010 7,AMERICAN INDIAN AND ALASKA NATIVE ALONE,1036000.00,16.80,14.10,9.40,13.60,14.70,11.40,11.60,5.60,2.70,43360.00,5096.00,61630.00,5160.00
2009 8,AMERICAN INDIAN AND ALASKA NATIVE ALONE,907000.00,15.20,12.30,10.70,15.10,14.30,13.20,12.00,4.10,3.10,47360.00,2550.00,65830.00,4857.00
2008,AMERICAN INDIAN AND ALASKA NATIVE ALONE,977000.00,14.40,10.80,11.70,15.30,14.90,12.10,13.50,4.10,3.20,48220.00,3843.00,68650.00,7221.00
2007,AMERICAN INDIAN AND ALASKA NATIVE ALONE,943000.00,16.50,9.00,9.80,14.90,19.80,11.90,11.40,3.80,2.90,50530.00,3957.00,64820.00,4814.00
2006,AMERICAN INDIAN AND ALASKA NATIVE ALONE,888000.00,15.40,12.90,11.30,13.60,19.70,8.90,9.80,3.90,4.50,46870.00,3173.00,64760.00,5128.00
2005,AMERICAN INDIAN AND ALASKA NATIVE ALONE,817000.00,16.50,11.10,8.90,12.60,17.20,12.50,11.30,6.00,4.00,50730.00,4790.00,68310.00,4652.00
2004 9,AMERICAN INDIAN AND ALASKA NATIVE ALONE,824000.00,14.70,10.30,12.00,14.40,17.60,9.00,12.80,5.10,4.10,48770.00,3443.00,68470.00,6302.00
2003,AMERICAN INDIAN AND ALASKA NATIVE ALONE,754000.00,15.00,11.40,10.90,11.60,15.00,10.40,12.60,7.10,5.80,50890.00,,73230.00,
2002,AMERICAN INDIAN AND ALASKA NATIVE ALONE,764000.00,13.00,10.10,8.20,16.40,21.40,9.90,13.20,5.30,2.50,52720.00,,65850.00,
2001,AMERICAN INDIAN AND ALASKA NATIVE,1229000.00,13.10,9.70,10.10,15.30,18.20,11.20,12.20,5.90,4.20,52320.00,,71910.00,
2000 10,AMERICAN INDIAN AND ALASKA NATIVE,1041000.00,14.00,10.70,10.70,11.90,18.70,12.70,13.40,5.00,2.90,52240.00,,69170.00,
1999 11,AMERICAN INDIAN AND ALASKA NATIVE,961000.00,15.60,12.60,9.90,10.70,17.30,13.90,11.20,5.10,3.60,52070.00,,66980.00,
1998,AMERICAN INDIAN AND ALASKA NATIVE,775000.00,11.80,11.30,7.20,14.50,18.70,14.90,13.70,4.70,3.30,55520.00,,68800.00,
1997,AMERICAN INDIAN AND ALASKA NATIVE,823000.00,12.10,14.00,9.50,14.80,17.70,12.10,12.00,4.90,3.00,50480.00,,66160.00,
1996,AMERICAN INDIAN AND ALASKA NATIVE,851000.00,18.30,13.10,10.00,17.30,11.60,10.30,13.50,3.10,2.90,43260.00,,64820.00,
1995 12,AMERICAN INDIAN AND ALASKA NATIVE,763000.00,16.20,14.40,12.60,15.00,16.50,9.40,11.70,3.40,0.80,40530.00,,55390.00,
1994 13,AMERICAN INDIAN AND ALASKA NATIVE,547000.00,15.60,10.10,10.70,13.50,18.60,14.10,10.90,4.60,1.80,50320.00,,62510.00,
1993 14,AMERICAN INDIAN AND ALASKA NATIVE,614000.00,15.00,11.40,12.20,14.70,20.30,12.40,7.40,4.90,1.80,47550.00,,58360.00,
1992 15,AMERICAN INDIAN AND ALASKA NATIVE,752000.00,16.80,11.50,11.20,15.40,18.20,10.10,12.40,2.40,2.10,45430.00,,57360.00,
1991,AMERICAN INDIAN AND ALASKA NATIVE,608000.00,14.00,11.20,12.40,13.20,18.70,11.80,14.70,2.80,1.20,49390.00,,59710.00,
1990,AMERICAN INDIAN AND ALASKA NATIVE,530000.00,15.30,12.40,10.10,12.80,21.70,12.60,7.90,5.30,1.90,48990.00,,60150.00,
1989,AMERICAN INDIAN AND ALASKA NATIVE,511000.00,17.90,18.80,9.20,13.60,16.30,10.70,9.70,2.70,1.00,38760.00,,52690.00,
1988,AMERICAN INDIAN AND ALASKA NATIVE,469000.00,14.90,17.10,12.50,17.20,13.70,12.20,8.90,3.30,0.20,38500.00,,51690.00,
1987 16,AMERICAN INDIAN AND ALASKA NATIVE,469000.00,18.50,14.00,11.60,15.70,15.80,12.10,8.40,2.60,1.40,41430.00,,52940.00,
2023,TWO OR MORE RACES,2778000.00,9.10,8.60,6.80,10.20,18.80,12.00,14.80,7.30,12.50,68860.00,4280.00,107500.00,8703.00
2022,TWO OR MORE RACES,2482000.00,8.90,7.50,6.30,12.30,17.40,14.60,14.90,7.40,10.70,72230.00,4236.00,101800.00,7438.00
2021,TWO OR MORE RACES,2330000.00,10.80,6.50,7.80,10.20,16.20,10.90,17.50,9.60,10.50,71650.00,5620.00,101300.00,5906.00
2020 3,TWO OR MORE RACES,2242000.00,8.50,7.30,7.00,9.50,13.50,14.70,18.50,7.50,13.40,81340.00,3770.00,118600.00,8962.00
2019,TWO OR MORE RACES,2269000.00,7.00,8.30,9.10,11.00,15.80,12.40,14.30,9.60,12.40,72770.00,3852.00,104300.00,6538.00
2018,TWO OR MORE RACES,2207000.00,9.20,9.30,9.00,11.00,16.50,13.60,14.20,7.80,9.20,66660.00,4287.00,94110.00,6580.00
2017 4,TWO OR MORE RACES,2086000.00,9.90,8.00,9.20,12.80,17.20,12.40,14.70,6.00,9.90,65230.00,4704.00,92060.00,5264.00
2017,TWO OR MORE RACES,2094000.00,9.30,7.70,9.10,13.30,16.80,12.40,16.30,6.30,8.90,66010.00,5503.00,92110.00,5235.00
2016,TWO OR MORE RACES,2015000.00,9.30,9.60,8.90,11.60,18.70,12.00,13.50,7.40,8.90,64060.00,3038.00,91340.00,5783.00
2015,TWO OR MORE RACES,1870000.00,12.40,9.80,8.50,11.40,18.20,11.40,12.70,8.10,7.50,62320.00,3604.00,88930.00,7689.00
2014,TWO OR MORE RACES,1793000.00,11.70,9.50,10.50,11.30,16.80,12.30,13.80,7.40,6.80,58510.00,3190.00,84670.00,5601.00
2013 5,TWO OR MORE RACES,1843000.00,9.30,9.20,10.10,11.30,18.20,10.40,16.00,6.70,8.80,61680.00,7223.00,105100.00,19740.00
2013 6,TWO OR MORE RACES,1860000.00,12.10,9.30,9.70,13.50,16.00,12.00,14.50,6.00,6.90,58500.00,3317.00,81900.00,5637.00
2012,TWO OR MORE RACES,1776000.00,11.70,10.50,10.30,12.10,17.40,11.00,14.00,6.20,6.80,57100.00,2961.00,80150.00,5254.00
2011,TWO OR MORE RACES,1764000.00,11.70,9.50,10.40,13.90,16.60,11.30,13.60,6.10,7.00,57500.00,5209.00,81130.00,4667.00
2010 7,TWO OR MORE RACES,1810000.00,12.60,9.70,9.20,12.40,18.60,10.40,13.90,7.30,6.00,56640.00,2524.00,80640.00,5039.00
2009 8,TWO OR MORE RACES,1484000.00,12.20,8.80,10.40,12.60,16.60,11.90,13.30,6.60,7.50,57850.00,2598.00,83020.00,4229.00
2008,TWO OR MORE RACES,1465000.00,10.60,8.20,8.80,12.90,17.50,13.20,14.30,7.60,6.80,61230.00,4329.00,84940.00,5315.00
2007,TWO OR MORE RACES,1457000.00,10.80,10.70,7.50,12.00,16.20,12.30,16.00,6.70,7.70,60750.00,4882.00,83610.00,3826.00
2006,TWO OR MORE RACES,1393000.00,9.30,8.70,8.60,11.60,19.00,11.80,15.40,9.00,6.60,64760.00,4632.00,86420.00,5405.00
2005,TWO OR MORE RACES,1506000.00,11.10,7.90,10.10,13.00,16.50,12.60,15.30,6.60,6.90,62300.00,3963.00,85490.00,5478.00
2004 9,TWO OR MORE RACES,1517000.00,9.30,8.90,8.10,12.60,17.80,14.10,16.30,6.40,6.50,64130.00,2618.00,87030.00,6319.00
2003,TWO OR MORE RACES,1407000.00,7.60,10.80,9.40,13.20,16.00,14.40,16.70,6.40,5.40,64380.00,,82010.00,
2002,TWO OR MORE RACES,1243000.00,10.80,10.10,8.70,12.20,19.70,13.00,12.90,6.80,5.80,58960.00,,84670.00,
2023,HISPANIC (ANY RACE),19860000.00,8.50,7.50,8.30,12.70,18.50,12.50,15.70,7.80,8.30,65540.00,1259.00,91380.00,2035.00
2022,HISPANIC (ANY RACE),19320000.00,9.60,7.80,8.40,12.60,18.00,13.60,15.30,7.10,7.40,65300.00,1659.00,88590.00,1869.00
2021,HISPANIC (ANY RACE),19230000.00,10.00,7.40,8.70,12.30,18.00,12.20,15.70,7.10,8.40,64930.00,1775.00,90570.00,1851.00
2020 3,HISPANIC (ANY RACE),18340000.00,8.80,8.50,7.70,14.20,17.20,13.80,15.20,6.90,7.70,64840.00,1356.00,88080.00,1645.00
2019,HISPANIC (ANY RACE),17670000.00,8.70,7.50,8.20,13.50,18.20,13.10,15.60,7.30,8.00,66330.00,1386.00,88720.00,1916.00
2018,HISPANIC (ANY RACE),17760000.00,9.40,9.10,8.90,13.90,18.20,13.30,14.30,6.30,6.60,61720.00,882.00,85100.00,1942.00
2017 4,HISPANIC (ANY RACE),17340000.00,10.00,8.70,9.20,13.60,18.20,12.80,14.60,6.50,6.40,61390.00,928.00,82800.00,1850.00
2017,HISPANIC (ANY RACE),17320000.00,9.90,8.70,9.20,13.70,17.60,12.50,15.40,6.60,6.40,61780.00,882.00,83600.00,1739.00
2016,HISPANIC (ANY RACE),16920000.00,10.00,9.50,8.90,14.30,18.10,12.70,14.40,6.30,5.90,59370.00,1385.00,83200.00,1655.00
2015,HISPANIC (ANY RACE),16670000.00,10.30,9.20,11.10,14.10,17.60,12.90,12.90,6.00,5.80,56720.00,1271.00,79910.00,1730.00
2014,HISPANIC (ANY RACE),16240000.00,10.80,10.30,11.50,14.00,18.30,12.50,13.30,5.10,4.30,53340.00,1066.00,72230.00,1355.00
2013 5,HISPANIC (ANY RACE),16090000.00,11.10,11.70,11.80,15.30,16.40,11.30,12.40,4.70,5.20,50530.00,2488.00,73360.00,3565.00
2013 6,HISPANIC (ANY RACE),15810000.00,11.50,11.10,11.20,14.50,18.60,11.90,12.40,4.90,3.90,52150.00,1156.00,69570.00,1544.00
2012,HISPANIC (ANY RACE),15590000.00,12.20,11.20,11.70,14.80,18.40,11.20,12.10,4.40,3.90,50260.00,1132.00,68840.00,1480.00
2011,HISPANIC (ANY RACE),14940000.00,12.00,10.80,11.60,15.50,18.60,11.40,11.50,4.80,3.80,50730.00,1182.00,68770.00,1283.00
2010 7,HISPANIC (ANY RACE),14440000.00,12.20,10.80,11.30,14.80,18.00,11.40,12.70,4.90,3.80,50960.00,1297.00,69600.00,1470.00
2009 8,HISPANIC (ANY RACE),13300000.00,10.90,11.00,11.50,15.00,17.70,12.10,12.40,5.10,4.20,52220.00,1134.00,71700.00,1294.00
2008,HISPANIC (ANY RACE),13430000.00,11.00,11.10,11.00,15.70,17.70,12.10,12.50,4.70,4.20,51840.00,1093.00,70520.00,1201.00
2007,HISPANIC (ANY RACE),13340000.00,10.30,9.90,10.40,16.10,18.20,13.00,13.40,4.80,3.90,54830.00,1213.00,72050.00,1248.00
2006,HISPANIC (ANY RACE),12970000.00,10.30,9.90,11.10,14.00,20.70,11.50,13.20,5.10,4.30,54930.00,1208.00,73530.00,1387.00
2005,HISPANIC (ANY RACE),12520000.00,10.60,9.90,11.20,15.40,19.40,12.30,12.60,4.50,4.00,53810.00,879.00,70520.00,1167.00
2004 9,HISPANIC (ANY RACE),12180000.00,10.50,10.90,10.80,16.00,18.60,12.50,12.20,4.80,3.80,52760.00,1215.00,70620.00,1421.00
2003,HISPANIC (ANY RACE),11690000.00,10.10,10.90,11.40,15.70,19.00,12.00,12.50,4.50,3.80,52070.00,1191.00,70170.00,1277.00
2002,HISPANIC (ANY RACE),11340000.00,10.20,10.10,10.90,15.90,18.70,13.00,12.60,4.70,3.80,53320.00,1277.00,72300.00,1590.00
2001,HISPANIC (ANY RACE),10500000.00,9.70,10.40,11.10,14.60,19.60,12.40,13.50,4.90,3.80,54740.00,1143.00,72380.00,1505.00
2000 10,HISPANIC (ANY RACE),10030000.00,9.30,9.90,11.40,14.10,20.30,12.90,14.00,4.40,3.70,55310.00,1311.00,73340.00,1736.00
1999 11,HISPANIC (ANY RACE),9579000.00,9.80,10.80,11.80,14.80,19.60,12.20,13.10,4.50,3.40,53040.00,1269.00,69680.00,2035.00
1998,HISPANIC (ANY RACE),9060000.00,12.50,12.10,10.00,15.70,18.80,12.00,11.60,4.10,3.20,49890.00,1582.00,67410.00,2358.00
1997,HISPANIC (ANY RACE),8590000.00,13.70,12.30,10.80,15.80,18.80,11.70,10.60,3.50,2.90,47530.00,1395.00,64050.00,2126.00
1996,HISPANIC (ANY RACE),8225000.00,13.70,12.70,12.60,15.60,18.00,10.90,10.60,3.10,2.60,45410.00,1449.00,62000.00,2360.00
1995 12,HISPANIC (ANY RACE),7939000.00,15.30,13.50,12.40,15.60,17.80,10.40,9.80,3.10,2.00,42780.00,1533.00,58390.00,2155.00
1994 13,HISPANIC (ANY RACE),7735000.00,14.90,14.00,11.50,15.30,18.00,10.70,10.10,3.20,2.40,44860.00,1371.00,60500.00,2483.00
1993 14,HISPANIC (ANY RACE),7362000.00,13.60,14.00,11.70,16.30,19.00,9.90,10.50,3.00,2.00,44800.00,1481.00,59290.00,2051.00
1992 15,HISPANIC (ANY RACE),7153000.00,13.90,13.50,11.90,14.90,19.10,11.40,10.30,3.10,1.80,45330.00,1541.00,57810.00,1495.00
1991,HISPANIC (ANY RACE),6379000.00,13.30,13.40,11.70,14.70,19.10,12.00,10.30,3.10,2.30,46670.00,1597.00,59380.00,1563.00
1990,HISPANIC (ANY RACE),6220000.00,13.20,13.00,11.40,14.70,20.20,12.30,10.00,3.30,2.10,47600.00,1606.00,59620.00,1616.00
1989,HISPANIC (ANY RACE),5933000.00,13.20,11.50,10.90,15.60,18.50,12.20,12.40,3.20,2.50,49000.00,1563.00,62570.00,1769.00
1988,HISPANIC (ANY RACE),5910000.00,14.20,12.00,11.10,15.50,18.70,12.40,10.70,3.10,2.40,47500.00,1981.00,60650.00,2115.00
1987 16,HISPANIC (ANY RACE),5642000.00,14.60,12.50,11.90,14.70,18.20,12.10,10.80,3.00,2.20,46790.00,1672.00,59970.00,1827.00
1986,HISPANIC (ANY RACE),5418000.00,14.10,12.50,12.10,14.70,18.90,12.00,10.90,3.30,1.50,45910.00,1967.00,57970.00,1568.00
1985 17,HISPANIC (ANY RACE),5213000.00,14.10,14.20,12.30,14.40,19.60,11.30,10.00,2.80,1.10,44410.00,1706.00,55490.00,1485.00
1984 18,HISPANIC (ANY RACE),4883000.00,15.20,13.30,11.70,14.50,19.70,11.80,10.10,2.50,1.30,44670.00,1842.00,55550.00,1782.00
1983,HISPANIC (ANY RACE),4326000.00,14.70,14.80,11.30,17.00,18.70,11.40,8.70,2.40,0.90,43570.00,1816.00,53050.00,1676.00
1982,HISPANIC (ANY RACE),4085000.00,14.60,15.00,12.00,15.60,19.40,10.90,9.70,1.50,1.30,43320.00,1883.00,53460.00,1784.00
1981,HISPANIC (ANY RACE),3980000.00,12.20,13.50,12.30,15.70,20.90,12.10,10.10,2.20,1.00,46310.00,2086.00,55610.00,1748.00
1980,HISPANIC (ANY RACE),3906000.00,13.50,12.70,13.00,16.20,19.40,12.10,9.80,2.20,1.00,45260.00,2018.00,55290.00,1811.00
1979 19,HISPANIC (ANY RACE),3684000.00,11.60,12.10,11.10,17.30,21.50,12.40,10.20,2.50,1.30,48020.00,2277.00,58100.00,1920.00
1978,HISPANIC (ANY RACE),3291000.00,11.40,12.70,11.90,17.50,20.40,13.60,9.50,2.10,1.00,47580.00,1896.00,56200.00,1870.00
1977,HISPANIC (ANY RACE),3304000.00,11.40,13.60,12.80,17.40,21.60,12.40,8.20,1.90,0.80,45850.00,1325.00,54110.00,1374.00
1976 20,HISPANIC (ANY RACE),3081000.00,13.50,13.70,12.80,17.00,20.60,12.40,7.80,1.80,0.60,43870.00,1539.00,51850.00,1388.00
1975 21,HISPANIC (ANY RACE),2948000.00,13.40,13.60,13.90,17.50,21.00,11.80,6.80,1.30,0.70,42960.00,1562.00,51000.00,1491.00
"1974 21, 22",HISPANIC (ANY RACE),2897000.00,10.40,13.50,13.60,16.10,23.20,12.80,8.00,1.70,0.80,46760.00,1684.00,54160.00,1451.00
1973,HISPANIC (ANY RACE),2722000.00,10.20,12.40,12.50,18.50,22.60,13.50,8.10,1.70,0.50,46960.00,1755.00,54560.00,1461.00
1972 23,HISPANIC (ANY RACE),2655000.00,10.30,13.10,13.40,18.50,23.90,11.30,7.20,1.40,0.80,46970.00,1510.00,53990.00,1510.00
