country,2000,2001,2002,2003,2004,2005,2006,2007,2008,2009,2010,2011,2012,2013,2014,2015,2016,2017,2018,2019,2020,2021,2022,2023
Aruba,,,,,,,,,,,,,,,,,,,,,,,,
Africa Eastern and Southern,43.01580561,38.02427981,35.19014992,50.59220083,62.27657853,69.21608061,75.81419451,84.97996523,87.36213208,90.95042684,105.1918664,113.406271,110.3059142,108.3506692,101.8881581,93.8898327,88.83530828,93.10645755,93.22229237,90.33428075,81.96919307,93.05362662,,
Afghanistan,,,17.00758553,17.81492424,21.42946434,25.10707283,28.91982269,32.71720505,39.96989822,43.26076889,46.57987976,52.36304855,52.61354065,56.30554199,60.18957901,60.05854034,61.48645782,66.90921783,71.33430481,74.23410797,80.28805542,81.31976318,,
Africa Western and Central,19.98984034,20.65348638,21.82768195,33.60952346,38.0807769,43.56471385,50.11401505,54.10630762,62.35156696,56.86496593,60.44780013,67.39950893,69.91482636,77.40893682,80.32908871,71.93804756,62.7158163,60.83518938,59.56103611,61.99758835,64.79825452,73.12022469,,
Angola,13.00008678,28.92523384,29.05480003,34.8696785,49.77629852,54.21235657,69.76922607,92.84111786,135.6315308,120.0315094,96.66415405,121.9136887,121.7957535,142.8861694,130.7423401,107.6435623,94.1061554,112.851471,83.89920044,64.65779114,55.05102158,64.16342163,,
Albania,65.1501236,73.78884125,78.99478149,106.2921829,138.1134033,152.1276245,166.8138275,212.6109619,240.4162598,239.4438629,255.3181915,274.776886,262.2885437,278.042511,295.1235962,255.3563538,277.0432129,297.4619751,351.3012085,367.7583923,396.880249,464.7428589,,
Andorra,1287.002808,1336.211426,1486.171875,1772.713379,1990.074829,2214.646973,2139.275391,2489.431152,3046.362061,3025.308838,3698.80835,3913.987061,3013.514648,3041.841553,3089.843018,2688.206299,2755.448486,2873.296143,3164.388428,3026.597412,3269.297363,3505.991455,,
Arab World,105.2954133,108.8287633,108.8415225,105.9309073,116.8394253,129.8118837,147.8974565,172.929695,202.7928906,215.7488538,222.6584521,253.201342,276.4931209,311.2854099,338.1797992,325.1520126,350.6724493,341.0598375,352.1770557,357.3522758,366.1753559,384.7048422,,
United Arab Emirates,753.0755005,743.0507202,821.3450928,862.9032593,911.3927612,978.9043579,1054.332886,1126.812378,1321.93689,1284.763184,1325.203247,1500.80249,1480.727417,1601.552856,1656.268921,1439.300537,1599.402954,1726.240723,1914.931763,1990.28479,2191.813477,2351.80542,,
Argentina,704.9459229,671.3685303,222.6475067,260.9826355,310.2199402,390.8044739,453.6393433,569.2883911,742.9046631,781.7780151,980.1362915,1202.563965,1361.991577,1415.210083,1280.614868,1525.053101,1258.307983,1494.83606,1216.106812,1016.230835,895.0846558,1044.772705,,
Armenia,25,31,58,65,71,94,123,168,260,246,290,325,333,396,409,371,366,419,439,549,552,613,,
American Samoa,,,,,,,,,,,,,,,,,,,,,,,,
Antigua and Barbuda,519.1311646,571.1116333,557.902771,612.1538086,596.0717773,639.2401733,662.7189331,711.5620728,691.2073364,606.9046021,720.9244385,713.9985352,749.9437866,735.4927979,822.3922119,784.6453857,812.5109253,785.4710083,849.8334961,801.5438232,875.7009888,923.4072876,,
Australia,1636.528564,1559.821289,1763.695679,2240.746094,2760.830811,3014.104736,3194.030762,3815.336426,4107.012695,4011.932617,4975.470703,5909.149902,6071.650879,5843.173828,6130.998535,5322.971191,5453.924805,5813.61377,5857.288086,5545.910645,5958.765625,7055.368164,,
Austria,2269,2283,2498,3091,3595,3710,3883,4479,5058,4929,4801,5168,4966,5235,5394,4613,4710,4939,5337,5263,5567,6505,,
Azerbaijan,19,19,20,23,27,34,50,74,111,134,152,183,232,249,277,234,168,165,178,197,243,249,,
Burundi,5.82561302,7.70397997,6.6404686,6.02923203,9.11969662,11.43010426,14.48706532,15.68034935,15.07347488,18.82117844,25.12049484,23.81056213,20.57489777,20.8417263,18.59082222,18.2036705,19.16795921,19.77140808,19.27294159,22.95755196,27.07072449,24.26920891,,
Belgium,1849.916016,1879.93457,2084.719971,2814.880615,3312.741211,3405.88501,3545.928223,4064.876465,4653.505859,4638.438965,4531.033691,4930.141113,4704.472656,4954.924316,5080.125,4442.401367,4542.794922,4782.646973,5176.983887,5049.577148,5104.025391,5680.231445,,
Benin,14.88457298,16.79668045,17.4725647,21.76790237,25.34852219,25.97800064,27.52271461,27.74564934,29.14166451,30.67226219,30.38452339,32.9503212,34.21852112,34.83580017,33.67948914,28.41767883,29.34768677,29.22344017,34.44770432,29.37922096,30.64243507,35.12914658,,
Burkina Faso,7.36981916,7.52252769,8.51982498,11.43507481,17.09873199,17.50115776,20.64653969,27.04532623,28.90426254,30.68659401,32.8663559,33.8243866,33.78236771,42.40937042,38.37065506,32.44025803,39.64500427,43.07155609,39.00283813,41.07073212,54.17696762,56.95098114,,
Bangladesh,8.6186285,8.41617775,9.37759209,10.3110857,11.10974789,11.61940002,12.37925339,14.41430759,15.99568462,18.20583725,21.15062714,23.28593445,23.89686203,27.40725899,30.29579544,33.53680038,39.55920792,42.27734375,44.74491119,47.66782379,50.66413116,57.93856812,,
Bulgaria,95,120,148,196,233,268,294,361,456,459,485,556,559,547,605,521,562,625,690,698,857,1040,,
Bahrain,424.9359741,438.6097107,471.5829773,553.0543823,551.8898315,576.9389038,592.3751221,688.1436768,741.8596191,841.4814453,866.3862305,917.6530151,1030.846558,1111.218262,1123.626953,1134.46167,1111.429932,1098.743286,1049.061279,1024.390503,1105.324829,1146.472778,,
"Bahamas, The",945.4403076,990.3112793,1013.735962,1053.420166,1067.91626,1140.251587,1242.348999,1334.717896,1410.821533,1396.727051,1421.590576,1418.508545,1492.449097,1532.229614,1590.949951,1558.798828,1698.390015,2076.141602,1898.81311,1898.856323,1824.875366,1961.677856,,
Bosnia and Herzegovina,106,105,119,168,222,242,282,364,460,410,406,457,444,474,492,430,449,470,528,544,591,692,,
Belarus,56,71,84,106,137,191,216,271,340,281,333,310,355,444,438,353,291,325,342,390,408,468,,
Belize,138.3638306,163.6450195,173.1264191,175.1849976,176.0459442,180.7223969,195.485611,232.7741699,256.6998291,242.0894318,242.6184082,251.1910248,246.298172,261.2244873,296.2493897,285.8498535,292.991272,281.6338501,287.6029358,298.9605103,279.65802,310.1950073,,
Bermuda,,,,,,,,,,,,,,,,,,,,,,,,
Bolivia,42.95851135,44.91654968,43.48994827,46.37623215,46.29327393,51.6701889,55.93380737,63.45651245,77.74305725,89.26693726,99.99167633,119.2386169,134.630661,159.0892181,178.2088013,194.9240112,205.9224396,212.8791351,229.2254028,239.1754456,246.1977539,272.9592285,,
Brazil,310.6140442,268.6497192,245.6619415,250.3089447,294.3838501,383.5508728,483.9191589,600.6356812,705.1339722,719.4265137,893.7750855,1028.084717,953.703125,977.8168945,1013.56842,782.5229492,795.9379883,937.3428955,863.2817383,850.4328613,704.9953613,761.2677612,,
Barbados,616.3776245,635.9644775,683.3395996,802.8556519,938.1408081,960.3230591,1026.780396,1042.89624,1136.865723,1165.375977,1116.533081,1166.021973,1298.255859,1249.765747,1179.065186,1158.393066,1185.163086,1186.169678,1173.62854,1172.405396,1238.587158,1400.435791,,
Brunei Darussalam,507.3886719,463.8158569,472.2997437,534.1412354,617.5216675,643.3348389,650.2209473,695.6499023,778.060669,729.1307373,788.5003052,860.0778198,867.0618897,834.3091431,785.590271,732.394165,681.9734497,639.9196777,753.8118286,674.6516113,650.4782105,693.4055786,,
Bhutan,31.09416771,35.96975327,35.96072769,37.33245468,46.10057831,46.69151688,54.01427841,64.43791199,57.31074142,59.43021393,71.98933411,77.32337952,83.64318848,85.9859848,86.81033325,96.52057648,97.18308258,103.3909073,101.6993332,115.3208084,133.7031403,120.4311752,,
Botswana,200.9880066,197.2882996,200.3307495,262.0407715,288.9466248,273.5193176,250.7696838,296.5655212,315.2705994,326.9522095,378.646698,415.5810852,405.960083,418.3235169,402.4575806,358.2232056,369.842041,444.5560303,419.6545105,408.8960266,358.9055176,457.4629822,,
Central African Republic,9.8634491,9.26134109,10.61978436,13.00553608,13.72547722,14.66589355,15.91440105,18.94978714,18.67624855,21.82637405,16.40023994,18.9371357,20.60425186,16.78926849,18.02748299,17.71483231,20.25914001,27.64416504,49.17564392,33.9444313,40.11012268,42.92785645,,
Canada,2001.668701,2055.759521,2149.379395,2552.263916,2916.251221,3291.220703,3788.686035,4221.928711,4491.229004,4368.856934,5083.981934,5423.059082,5538.935547,5483.255859,5231.736328,4677.830078,4667.703125,4920.728516,5080.323242,5115.976074,5668.347656,6470.067871,6207.181641,
Central Europe and the Baltics,221.2241757,252.2954829,298.3156143,373.1844309,447.0153498,523.0055495,580.2969991,729.6652514,927.8453192,842.695269,869.7069331,921.1159899,864.2159686,910.7864824,931.2562969,815.7615726,852.6732992,939.0595471,1053.709557,1090.092699,1182.20038,1391.639262,,
Switzerland,3559.819824,3763.384521,4211.729492,5018.527344,5608.703125,5673.939941,5671.981445,6154.703125,7120.652832,7297.379883,7640.449219,9138.367188,8753.820313,9118.189453,9307.96875,9082.450195,9078.758789,9119.969727,9212.432617,9341.0625,10085.45605,10897.4502,,
Channel Islands,,,,,,,,,,,,,,,,,,,,,,,,
Chile,356.7441406,326.9662476,322.8740845,349.7790222,427.4367676,500.8745117,571.8983154,649.9224243,726.7366943,738.284729,870.7095947,994.6660767,1081.460693,1183.62085,1150.061646,1133.279785,1179.733643,1367.716431,1457.272827,1369.484009,1280.632324,1518.040039,1380.688232,
China,42.99362183,44.56903839,50.15548325,56.79228973,64.54340363,73.29019928,82.79460144,98.87766266,134.2076416,165.2944489,189.3437042,239.7543335,285.31427,329.7810669,363.0093994,393.7799072,398.7892151,440.588501,504.7997437,539.6194458,583.4321899,670.5145874,,
Cote d'Ivoire,54.16062546,54.03316116,57.24786377,64.14105988,67.6804657,62.34985352,60.48682404,64.6838913,75.87518311,72.83110809,71.98825836,72.44979095,74.48454285,71.52493286,79.31149292,62.51667023,66.39353943,68.61872864,70.97071075,73.64801788,85.17427826,81.86914825,,
Cameroon,28.79333305,27.46539497,31.41914558,38.10652161,41.7527771,42.60778809,44.01630783,48.61966705,53.99885559,50.604702,49.50485611,57.71255493,56.3600235,56.61405563,61.80369186,50.31904221,51.2496109,50.27867889,57.7002182,56.18640518,58.0969696,63.78601837,,
"Congo, Dem. Rep.",18.20225716,5.65382099,4.34459352,6.27501249,8.14487171,8.88715935,10.77356529,11.98260307,15.89509487,13.18276978,12.53950882,12.27988434,13.62572193,15.86667633,18.79024887,19.13417244,19.91032028,18.74936485,17.87852287,19.85771751,21.25385666,22.32123756,,
"Congo, Rep.",17.44675827,20.41893959,17.09034348,21.64731407,27.67554474,31.10122681,36.16910553,42.22277832,63.7890892,48.9272995,54.86231995,59.84463501,71.6878891,72.29035187,71.47676086,57.67850113,54.67388153,52.68054199,47.67589569,58.90272522,80.80835724,80.5149231,,
Colombia,134.2844391,138.0286408,131.7609253,129.3396912,159.2083283,209.226471,239.6455536,309.1078186,378.6791382,383.5496216,452.0512085,501.2983093,546.2114868,579.8796387,586.8764038,468.6054382,447.0699463,495.2702637,517.1584473,500.7313843,462.2328186,557.5394898,,
Comoros,47.50006104,45.25306702,51.05594635,63.81992722,70.50469971,67.78135681,65.70906067,69.87508392,73.73594666,69.42589569,69.0898819,80.95452881,76.77297974,81.4433136,84.27106476,60.86703491,63.14864731,74.52148438,74.43584442,77.80075073,88.67053223,99.03723907,,
Cabo Verde,58.89910889,62.78510284,68.21862793,83.48031616,92.04717255,94.58552551,111.2813492,125.5742188,125.5351028,127.7991486,142.8777161,152.2834778,167.4928131,181.2954865,181.4419556,139.4853668,144.3252258,165.0376282,178.7783661,171.7717133,196.2696381,247.9079437,,
Costa Rica,247.701889,255.182312,276.2371216,287.3734741,290.1335449,309.5142822,359.7924805,423.6381226,510.9915466,529.6087036,654.1734009,742.1419067,776.4348755,816.8787231,822.9100342,875.3497315,870.7384033,853.7504883,902.2211914,914.8847046,953.0825195,948.9216309,,
Caribbean small states,301.5342878,298.9433034,324.2131935,346.5526608,372.8067277,399.2302992,444.9560849,477.745625,513.2434256,522.8143127,534.0104558,545.0828455,578.8165931,590.6064276,598.42446,608.7410212,601.543734,655.9892332,664.9744799,702.7380671,687.647691,720.8593161,,
Cuba,181.1472473,198.5879364,213.9562683,227.6985931,232.5059509,331.9881287,387.4414673,570.3143311,610.0915527,676.2246094,608.9615479,695.9915772,601.4242554,710.793396,864.1555786,985.4190064,984.2486572,980.0921631,973.1374512,1013.101379,1186.156494,,,
Curacao,,,,,,,,,,,,,,,,,,,,,,,,
Cayman Islands,,,,,,,,,,,,,,,,,,,,,,,,
Cyprus,751,782,890,1145,1287,1366,1474,1694,2155,2105,2045,2115,1899,1916,1874,1596,1649,1773,2021,2093,2362,2990,,
Czechia,342.9210815,388.5440369,497.7420349,640.6604004,746.3289185,852.6524658,942.118042,1110.176636,1449.336792,1442.242798,1516.048584,1654.510132,1515.81604,1514.014038,1516.056274,1314.83728,1384.663574,1525.3479,1753.198975,1803.05249,2119.268311,2498.516602,,
Germany,2344.410889,2346.669189,2567.50293,3152.794189,3459.824951,3558.213379,3698.043701,4182.916016,4669.760254,4674.919434,4611.421875,5037.491699,4765.678711,5100.152344,5309.154785,4627.35791,4746.870117,5070.195801,5511.214355,5486.98877,5936.251465,6626.004883,6191.035156,
Djibouti,35.74236679,33.86995316,39.82229614,46.68310547,40.42881012,45.57660675,53.81796265,55.77771378,56.53337097,57.57979965,56.37421417,62.67469025,65.69985962,61.38714981,66.44046021,80.65351105,69.79541779,65.55883026,64.47797394,62.30675125,62.75099945,87.74766541,,
Dominica,259.646698,231.9836426,227.2182007,243.1025696,253.9832459,263.8952026,271.4978333,293.6182556,336.3532715,354.4477844,370.3132935,388.8713074,408.7749023,387.0828857,394.6729431,398.5212402,421.3217773,404.6090393,484.5222168,442.5115967,420.0245972,482.429657,,
Denmark,2496,2603,2896,3607,4195,4443,4779,5468,6138,6222,6171,6438,6168,6334,6467,5532,5624,5834,6233,6059,6442,7382,6332,
Dominican Republic,138.9989777,144.1726227,153.8589935,105.3111572,105.8401489,169.9686585,162.9429779,191.2214508,230.5057831,238.2713623,271.2666321,295.194397,305.4364624,303.3797913,313.4575195,322.9460754,329.1087952,337.6092529,327.9010925,346.5079041,354.0936279,416.8997498,,
Algeria,62.11769485,67.33850098,66.94760132,76.23547363,93.02433014,101.3037338,117.433136,151.7792053,207.8488159,208.9350128,230.0639191,288.313324,336.6726685,333.1602783,361.1594238,292.275177,261.400238,265.8384399,266.4646912,235.9904175,206.0351257,204.5666199,,
East Asia & Pacific (excluding high income),38.54480586,39.68757048,44.25121333,50.53935616,56.84122423,65.29223156,74.88194324,89.5462144,116.9780399,138.9579039,160.8860768,200.94071,234.2316905,264.6731513,288.2497238,308.0968903,313.3842086,343.6165976,389.5017746,415.7170378,447.3343765,515.0557354,,
Early-demographic dividend,62.77379233,63.80391558,58.39818946,65.63759112,74.20288811,84.51513966,93.29737083,108.17727,119.5545379,119.7835284,137.392242,153.1230913,159.6001123,165.9239441,164.9859327,163.6610491,161.7760743,167.0475647,165.5051154,163.8321647,165.3896712,188.5808441,,
East Asia & Pacific,240.3478422,223.2693821,224.8933979,252.3255982,278.9203398,293.0829712,298.8200104,322.8661656,375.6938153,421.0113692,479.3097767,588.6749706,627.4060981,603.5595662,617.9377039,604.5243711,638.0250831,670.5886292,725.9518574,758.1760102,791.3891702,874.7045382,,
Europe & Central Asia (excluding high income),88.75664495,80.96572987,96.87700903,125.0378499,158.6443485,194.7847189,227.8163249,277.8129643,324.2611459,285.7305028,311.4612634,331.304809,347.0968284,368.3258544,346.642691,295.3153201,290.5933724,290.9976197,285.9021629,301.1997308,318.4396056,378.4288379,,
Europe & Central Asia,935.124311,963.3577942,1085.116259,1350.742847,1567.197406,1659.680877,1781.682223,2046.02588,2294.939624,2202.997394,2189.746179,2371.880929,2274.462537,2375.212134,2422.994529,2097.049455,2088.793124,2185.096731,2337.460505,2326.718735,2518.091814,2866.599079,,
Ecuador,48.37698364,71.55696869,97.7811203,132.7437592,150.5876923,168.7269745,190.6399536,194.3764343,232.8750153,245.9553986,288.6725464,342.3848877,389.7561035,416.3429565,435.5133057,466.2375183,450.8292542,470.8032837,494.7149048,484.3680725,471.8757629,494.3083801,,
"Egypt, Arab Rep.",71.03570557,70.36794281,65.58682251,51.60063553,51.60012436,60.99180603,68.03048706,75.12869263,92.32979584,101.2181397,107.4189224,118.6961212,142.7594147,142.5976868,158.2058106,173.5194397,145.2776947,107.9884796,120.223259,145.3102875,150.9065552,179.6811981,,
Euro area,1731.765755,1773.851883,1975.286498,2475.402376,2831.385577,2948.497086,3116.700209,3536.610671,3995.234853,3929.317884,3814.888902,4075.623307,3801.60937,3979.211272,4067.658092,3496.890963,3561.84809,3753.430418,4043.53824,3989.962682,4262.900819,4787.145688,,
Eritrea,13.1751833,13.99944115,14.81900692,18.62379265,21.77468681,20.60617447,22.31639481,18.39959717,19.69238472,22.65766335,24.43300056,33.27035522,25.96233749,29.52669525,31.54170799,26.82466125,23.64590836,22.35861588,24.02440262,25.98394394,24.70353127,25.36040497,,
Spain,1005.283997,1045.050659,1174.579346,1640.917725,1924.270874,2060.321533,2242.158691,2606.277832,2995.186035,2937.718262,2789.637207,2908.919678,2590.225342,2629.466797,2679.476563,2349.09375,2376.601074,2524.684814,2741.382568,2716.833496,2899.018799,3234.292969,,
Estonia,209.9776917,214.7041779,250.4802094,368.9795532,474.5079651,549.630249,627.1837769,866.4994507,1082.154785,1006.50708,966.1902466,1061.162842,1058.719604,1194.862061,1287.76123,1156.202759,1226.085938,1350.126465,1553.433472,1599.350342,1789.03479,2094.503174,1986.312256,
Ethiopia,5.31966591,5.54697561,5.19038343,5.76164436,5.79775095,6.55709887,8.53116226,11.78915215,13.22203732,15.36375141,16.40672684,14.83500671,20.28753662,19.53577042,21.90294838,23.53430557,24.67317772,24.51061249,23.84538269,26.22917175,28.69671059,26.47735214,,
European Union,1432.349048,1474.966774,1651.232526,2071.365043,2374.36096,2486.362189,2636.234612,3008.39008,3418.105242,3342.044457,3270.548112,3525.818227,3300.523676,3462.355168,3538.149575,3045.014074,3107.085225,3281.62144,3537.955738,3494.04409,3737.608125,4220.677336,,
Fragile and conflict affected situations,23.08793596,23.31021277,23.17483655,30.25267071,35.23831114,41.07025483,48.75465054,57.71999806,66.88634378,61.59521885,67.10354863,72.62585553,75.66096996,81.36062733,80.40904058,72.24045609,70.23181848,68.63773395,72.9590301,73.09390188,74.78846767,81.7670766,,
Finland,1727,1810,2059,2614,3044,3237,3415,3919,4486,4350,4252,4718,4573,4892,4923,4128,4109,4236,4522,4460,4736,5488,,
Fiji,75.03528595,62.10351181,70.07132721,86.89743042,111.04245,121.2350922,127.4284439,141.433609,135.5037689,121.8430023,128.3963776,141.6560364,154.2161713,159.0212402,178.7059937,169.7298126,176.0686188,185.6439209,249.3664856,253.7433014,231.9827728,250.0255432,,
France,2161.853027,2192.715576,2449.758301,3006.305908,3458.627441,3575.025146,3811.551758,4312.310547,4807.374512,4737.578125,4592.383301,4931.87793,4644.595703,4884.766602,4980.814941,4201.781738,4256.765625,4410.599121,4666.97998,4504.484863,4755.44043,5380.875,,
Faroe Islands,,,,,,,,,,,,,,,,,,,,,,,,
"Micronesia, Fed. Sts.",161.9635925,181.9655304,170.6489563,209.7418518,259.0256958,399.6094055,246.3755188,259.4707947,290.119812,325.8373413,361.8036499,377.4903565,370.9263916,353.2251282,343.0076294,359.7853699,396.6298218,405.3110352,422.4463806,420.5794983,398.5737,393.3493042,,
Gabon,123.3314133,121.066185,132.2174377,166.8882752,182.6139984,190.2720947,212.6139526,254.1988525,271.5098877,283.0296631,207.9378357,262.7745667,226.3252716,262.7824402,234.4215241,188.4241791,208.9052429,193.9759216,211.2257233,208.2883453,228.0245819,233.8710327,,
United Kingdom,2020.52832,2052.34668,2306.128418,2784.539551,3366.341553,3536.322998,3857.485596,4367.535645,4297.475098,3914.195801,3956.388916,4199.083984,4242.234863,4304.478027,4697.760254,4433.858398,4017.342285,3910.814209,4226.205078,4268.677246,4906.239746,5738.484863,5138.63623,
Georgia,53,57,67,82,107,134,154,199,286,275,290,317,349,358,369,294,321,304,332,309,355,417,484,
Ghana,16.27483559,19.207201,19.75684166,23.23123741,25.61305428,39.75449371,45.96789932,54.75652313,61.90890884,61.81399536,71.6121521,95.87026215,83.48946381,104.8143082,78.03632355,77.74266815,64.43041229,74.56986237,82.98774719,93.18772125,87.4445343,100.0009689,,
Gibraltar,,,,,,,,,,,,,,,,,,,,,,,,
Guinea,23.00282097,22.04349136,25.15307426,25.93502045,26.76063919,19.94359016,16.35091019,22.80706406,23.25375366,24.00493431,22.8732872,24.42393684,23.99205208,26.22439003,37.0862999,43.94221497,38.91920853,33.02272034,35.30637741,42.68258667,41.6195488,44.68689728,,
"Gambia, The",46.73692703,38.21402359,36.57312012,28.66201591,32.3373642,33.33732224,33.49129486,35.92889786,39.97063065,34.4699173,32.81699753,30.82727623,29.30704689,25.33724403,17.14346313,19.42744446,20.47114944,21.2003746,22.84936142,22.83255005,26.24802017,24.62883568,,
Guinea-Bissau,13.3205328,14.86868,14.40980339,14.86718845,18.48643875,21.1059761,22.80813217,26.1655159,34.93793869,27.59508705,31.5948391,44.70295334,37.72527695,46.01106644,64.91837311,52.38645935,56.52604294,54.74217224,58.78644943,54.0177002,68.04572296,68.81868744,,
Equatorial Guinea,18.72773552,27.99723434,75.52088928,87.19217682,104.680542,122.7416306,144.0280304,179.5656128,222.3310089,255.5807343,241.6699982,266.6874695,284.0835266,289.6793518,294.7608948,229.1193543,229.7630615,231.0456543,248.6920013,231.8395386,246.7667389,255.5652466,,
Greece,885.4105225,1004.81543,1168.824097,1566.40979,1782.695923,1935.267578,2052.875488,2426.759521,2840.508545,2809.05957,2564.369385,2338.915039,1948.248535,1832.029663,1700.494385,1481.419678,1513.259155,1509.784546,1603.077881,1569.029053,1675.117065,1845.775635,,
Grenada,259.3835144,271.16745,308.3371582,287.2850647,293.6029053,324.5572205,321.8266296,355.6637268,395.5068054,370.0471497,366.4102783,393.2111206,401.8450623,405.3950195,368.8138428,389.3938294,392.7798157,433.4851379,438.918396,487.6029053,469.0077515,505.4046326,,
Greenland,,,,,,,,,,,,,,,,,,,,,,,,
Guatemala,83.3463974,99.68914795,107.2444,112.980011,121.7346649,131.9634552,148.5431976,158.3769379,175.1161499,168.8553314,174.7947388,190.7144928,200.3355408,198.3376617,216.795044,233.4156647,246.1173096,265.1839905,265.747345,278.5489807,289.1265564,340.9581299,,
Guam,,,,,,,,,,,,,,,,,,,,,,,,
Guyana,62.85141754,60.46850204,65.32598114,68.42656708,74.88806915,85.49252319,98.42082214,125.8489609,138.7843933,150.3843994,162.9921722,186.5948181,202.51857,212.0263519,216.9332428,228.0209503,237.3030548,268.69104,298.9507446,317.6022644,377.8699951,470.5687866,,
High income,2110.515656,2189.370639,2372.92759,2700.944647,2977.229879,3148.006663,3331.487339,3625.363076,3902.250784,3950.643836,4088.299417,4403.121678,4420.531796,4446.015721,4570.100152,4389.613912,4525.40454,4694.13002,4932.858122,5038.348439,5474.338011,5852.339468,,
"Hong Kong SAR, China",,,,,,,,,,,,,,,,,,,,,,,,
Honduras,67.67149353,66.35316467,69.90351105,78.74036407,82.34390259,96.74766541,110.8378906,126.1158905,147.416153,158.5394898,163.5370483,180.5815735,182.4237213,175.01651,171.3048096,168.9259338,176.973114,168.3921661,177.6466675,184.0391846,212.6973114,253.918045,,
Heavily indebted poor countries (HIPC),16.96594989,16.21245293,17.17140013,19.70739327,22.52321803,25.60236501,29.59968474,34.22975607,38.65797109,39.18408989,40.53514428,44.45396505,45.09595426,48.95480448,49.39995137,46.84719352,46.33095233,45.84998875,45.56404555,46.84830064,47.82869624,51.5939446,,
Croatia,371,388,386,512,635,727,816,1041,1259,1188,1126,1132,1030,890,909,796,841,903,1025,1040,1095,1384,,
Haiti,30.15130806,27.21361732,22.22666931,18.49892044,23.90322304,25.11820602,28.96251106,37.40650558,40.25810623,41.22427368,55.5110321,76.81674194,74.79749298,59.15798187,64.86157227,68.24273682,59.83052063,53.5790062,62.01782608,49.08563995,44.17983627,57.87849426,,
Hungary,313,360,473,683,798,895,893,1003,1117,944,983,1063,961,991,1006,871,914,985,1080,1054,1173,1382,,
IBRD only,76.06080501,76.9855352,76.06347268,84.86047156,98.66746347,116.2816367,134.171291,162.2360793,195.8041934,199.7647708,230.4717861,267.6795562,284.9113546,304.8838814,311.6387182,296.8471943,295.0701449,323.4147725,340.9365547,350.9317656,359.6260108,412.3607328,,
IDA & IBRD total,63.28754486,63.77711899,62.93263089,70.55580028,81.70029182,95.96569331,110.6254877,132.8228337,159.3059164,161.8216803,185.22386,213.7729632,226.8238159,243.1784482,248.2830436,236.1993195,234.7803371,254.8277821,267.4266325,274.4458982,280.4343773,319.9576108,,
IDA total,16.93217763,16.45091001,17.32852025,21.24074365,23.94529683,27.69461166,32.55229778,36.6520187,41.58242613,41.04466159,44.40359603,48.08944583,50.56569574,55.04133555,57.33598541,55.58593133,53.77165518,52.76939874,52.26570749,53.6053387,55.12849104,61.23676947,,
IDA blend,19.48446985,18.4777175,18.89380188,26.84299518,30.00147636,35.99547013,43.96147103,47.68434095,52.71316083,48.38370638,54.36823917,58.78241691,63.92466058,69.98747244,73.56369618,70.04081244,64.82488359,62.23460076,60.24304001,60.57455224,62.2186272,72.64186672,,
Indonesia,15.53566933,17.0277462,19.14863396,25.73569489,26.21132469,34.40548706,44.80917358,56.52228165,59.79582214,62.98189545,86.36213684,108.0318604,106.9016342,103.3793182,103.0588379,97.16175842,107.5287094,111.5139618,111.9118729,119.4984436,133.2563477,160.6417694,,
IDA only,15.64287044,15.42344959,16.5549939,18.46195233,20.93281805,23.554765,26.85021974,31.11805148,35.97381755,37.33099623,39.19808682,42.49073952,43.56536129,47.02514683,48.65273235,47.87549437,47.71261363,47.65222711,47.96526448,49.85982156,51.32898906,55.13877426,,
Isle of Man,,,,,,,,,,,,,,,,,,,,,,,,
India,18,20,20,22,25,27,29,36,38,38,45,48,49,56,57,58,60,57,58,61,64,74,,
Not classified,,,,,,,,,,,,,,,,,,,,,,,,
Ireland,1564.837402,1823.734741,2200.357422,2910.932129,3483.160645,3938.191162,4147.132324,4858.64502,5638.779297,5502.887695,5133.455078,5545.76416,5210.36377,5313.709473,5316.269531,4575.944824,4726.312988,5010.256348,5187.057617,5462.730957,6098.266602,6764.258789,6349.477539,
"Iran, Islamic Rep.",80.95653534,94.31704712,105.7044601,116.9039154,142.1769104,173.7969208,197.7808991,245.0089722,297.5087585,364.4345093,436.1362915,518.84021,513.454834,408.3304443,375.284668,384.2598572,447.1392517,466.9943237,478.3919067,378.4741821,338.2497253,392.5414429,,
Iraq,,,,26.71866798,51.29241562,52.51676941,56.19692612,99.6492157,138.109314,139.0555573,143.5260315,160.8146668,173.4031677,185.7355652,178.0239563,148.3005981,198.706192,195.8237305,231.0033112,239.5789185,245.4804688,248.923111,,
Iceland,2854,2527,3045,3837,4411,5076,4915,5800,4747,3621,3612,3911,3760,4069,4488,4270,5016,5945,6234,5865,5652,6716,6400,
Israel,1472,1515,1362,1390,1443,1512,1558,1773,2129,2036,2240,2446,2410,2681,2816,2661,2801,3094,3220,3354,3637,4339,,
Italy,1524,1587,1763,2163,2566,2678,2833,3093,3504,3338,3218,3392,3086,3149,3154,2676,2700,2810,3003,2911,3062,3350,3066,
Jamaica,194.5874023,180.5921783,174.8167267,150.1188965,183.4915619,190.9417572,186.6435547,252.1128388,283.7284241,229.1301422,256.0642395,275.5392456,262.0988159,254.8423462,257.846344,285.59729,286.3452148,324.2245178,333.8786926,343.0619202,324.4832153,372.4513855,,
Jordan,161.2351074,171.8250732,175.384613,172.2494659,186.106369,196.4689789,199.648819,219.4053192,289.9857788,333.8076782,319.841095,338.3460999,342.9404297,320.8673096,306.806427,303.2345276,279.2980652,289.5798035,289.5386047,294.18927,284.5343933,299.0723572,,
Japan,2756,2492,2416,2654,2888,2895,2766,2783,3225,3699,4074,5107,5235,4358,4122,3755,4200,4148,4288,4463,4436,4347,,
Kazakhstan,50,50,58,74,111,142,174,177,251,246,244,297,369,363,374,314,260,278,273,270,338,403,,
Kenya,21.40411377,22.14061928,22.33303261,25.71190262,27.75096512,31.13827515,41.07886505,50.38684845,55.4166069,55.28591537,58.93074799,57.18780136,64.72195435,67.89151001,73.19489288,71.3065033,74.26567078,66.80448151,75.6592865,86.06783295,86.67868805,94.67254639,,
Kyrgyz Republic,12,13,15,22,27,35,45,50,63,60,61,79,100,105,95,81,73,78,67,63,64,73,,
Cambodia,19.78130531,22.66413116,24.67282104,25.30601883,29.03012466,32.52131653,33.02656555,30.92131042,49.00638199,55.72327423,54.09758377,66.05435944,69.01600647,72.11994934,73.5883255,72.51950836,78.35865784,79.16844177,93.01556396,114.4853439,112.2142258,122.4164581,,
Kiribati,65,86,93,102,132,132,127,148,191,169,134,143,147,155,156,118,158,179,208,177,239,262,,
St. Kitts and Nevis,444.5689087,438.0617371,462.6293945,480.2297974,488.8283691,553.5333252,684.9520264,703.309021,875.1099243,865.8463745,856.6733398,907.031311,867.3771362,924.614624,947.6332398,1026.508057,1144.535645,1167.661011,1103.173706,1204.340942,1050.643677,1114.374268,,
"Korea, Rep.",475.0293274,500.0801697,531.8900757,633.0939331,708.5794067,887.6956177,1062.198364,1204.763794,1137.209106,1099.13916,1363.560913,1507.556641,1553.328247,1682.763916,1880.442017,1894.347534,2008.098267,2220.564209,2501.139648,2605.993408,2648.224121,3260.44873,3123.947021,
Kuwait,429.5625305,558.3242798,581.9777222,628.847168,650.5830689,727.7044067,782.6422119,881.1036987,1069.662598,1025.880737,1050.421265,1143.137939,1196.207153,1188.282837,1260.875244,1235.618896,1278.632446,1361.482788,1660.98645,1643.569702,1542.322632,1860.783691,,
Latin America & Caribbean (excluding high income),275.8050076,268.9107828,230.4088334,241.1751751,273.186216,331.1814287,386.4059223,462.1749016,531.0035395,525.3649676,624.1785928,709.8141842,705.235292,734.514657,739.6628917,655.5739284,623.1071466,703.4977036,662.9324083,647.275087,583.6295756,636.6847626,,
Lao PDR,14.10407162,14.47130299,12.91643047,17.61871719,16.27066612,17.37983894,19.28023911,24.81284904,26.80659485,35.78236008,34.58347702,27.16216469,32.51623917,43.56784058,45.61304092,52.15144348,54.51382828,61.60005188,57.35622025,67.81835938,52.15844727,68.87698364,,
Lebanon,426.5579224,417.7819214,393.2247925,375.0754089,369.9836426,349.5018616,404.0964966,441.8590393,465.74646,501.0127564,572.420166,647.1702271,595.3667603,583.4765015,576.6546021,578.645813,647.5651856,677.3743897,744.6105957,782.2052002,522.420105,307.1348572,,
Liberia,8.5820322,6.90986061,7.02600765,6.16011524,18.20792198,20.64465714,19.4780159,16.01202202,26.55882072,52.30115128,50.63946533,54.34541321,50.35652542,48.74785614,59.98974228,70.18363953,68.4992981,72.50897217,69.10813904,52.02645493,101.2913055,112.2704468,,
Libya,254.3153076,261.9629517,185.1968536,192.3547516,202.5708923,210.6266785,231.3844299,269.9493408,312.4657288,342.5540161,380.9290161,312.8485413,,,,,,,,,,,,
St. Lucia,284.2585754,284.4153137,299.5059509,317.1377869,309.4220886,333.5027466,390.3429871,440.2225952,430.8215637,432.548584,438.1661987,462.8668213,454.5605774,481.9177246,462.7443848,464.5744324,470.3751831,492.8301086,484.1549988,491.4067993,574.3797607,584.6704712,,
Latin America & Caribbean,281.6045033,273.9888547,235.9282942,246.805515,280.1294799,338.1564375,393.7362975,469.6854619,539.4840728,534.8936412,634.7835317,721.8045689,721.2754553,753.9642099,758.5521875,678.1180099,649.5770871,733.9437429,673.9359763,656.4413834,597.0761989,655.18958,,
Least developed countries: UN classification,11.66125124,11.67447128,12.72003338,14.63466237,17.1829653,19.44111271,22.85239716,27.00219339,31.67505107,32.56611002,33.47155282,36.88955084,38.61256646,42.4006702,44.41503159,43.23250029,42.70263937,42.99093032,41.8992929,42.91807463,43.79911481,46.91973577,,
Low income,14.31566187,12.95166619,13.97568289,15.77572096,18.30310736,21.11693088,24.94499007,30.13479911,34.24444138,35.17680388,35.67346275,36.54974645,36.95363735,39.34464981,41.00714518,38.97998727,36.9052201,34.74200501,32.42348897,33.2627509,35.18100757,36.29941298,,
Liechtenstein,,,,,,,,,,,,,,,,,,,,,,,,
Sri Lanka,44,41,43,42,51,57,65,73,92,99,106,116,111,135,135,147,149,146,159,160,158,166,,
Lower middle income,22.53727451,23.64918614,23.70516877,26.57646809,29.7725721,33.46240368,37.69015599,44.10330173,49.50771264,49.93145469,56.31375062,61.53127521,65.04609004,71.11229831,73.38724923,73.59275781,73.23240778,71.22892337,72.87997864,76.61173055,78.75380417,90.11161329,,
Low & middle income,59.18394603,58.76814165,57.13949577,63.95026489,73.39579158,85.67259639,98.06780003,116.7520286,138.001875,144.6380172,166.8403747,193.1204383,204.970526,220.009909,227.2535829,222.0941019,221.0082475,237.5230364,249.1796662,255.7076826,259.4653544,293.1093537,,
Lesotho,23.77390099,28.24092102,23.1813736,31.89407539,40.89277649,41.15412903,48.88100433,64.80230713,68.08209991,79.68589783,87.4557724,117.3472366,124.8553085,130.4420776,120.4721375,104.4047089,90.88587189,115.2077866,130.5711365,130.4407349,96.7264328,114.7088165,,
Late-demographic dividend,88.39274672,89.25760428,94.92949215,105.9935399,124.5625444,149.2660729,176.4402257,217.3062055,274.5181145,285.6279274,325.4806388,385.7269031,414.0234142,453.4742111,475.9765973,448.6128553,452.5483377,507.3669918,551.5544684,577.5254857,600.4606584,687.6467302,,
Lithuania,217,219,254,339,367,439,536,704,937,865,805,925,897,959,1021,920,989,1083,1249,1370,1520,1859,1868,
Luxembourg,2901,3109,3601,4607,5610,5818,6071,6671,7579,7671,7460,7175,6029,6357,6547,5422,5475,5713,6227,6222,6786,7636,6956,
Latvia,182,205,237,281,393,441,552,775,914,745,689,765,746,807,857,776,875,933,1101,1183,1313,1898,,
"Macao SAR, China",,,,,,,,,,,,,,,,,,,,,,,,
St. Martin (French part),,,,,,,,,,,,,,,,,,,,,,,,
Morocco,54.38904953,56.32826996,63.35457993,77.51076508,90.9294281,96.96191406,110.0026016,131.6695862,153.1000519,165.4444428,168.3771057,179.0485382,172.0593872,179.734848,188.4002075,162.5098114,161.8278351,166.4662323,175.2760315,177.245575,193.102356,221.1148529,,
Monaco,2967.42627,3048.089844,3363.354492,4830.655762,5683.699219,5888.787598,6149.097168,7028.4375,8300.90625,8147.868164,8013.045898,8302.916992,7871.212402,8460.787109,8682.369141,7347.916992,7189.657715,7219.591797,7848.356445,7730.603516,7812.287598,8634.259766,,
Moldova,21,25,34,38,65,79,100,135,186,209,198,215,224,232,231,186,171,244,276,284,307,410,,
Madagascar,11.3951807,13.39314079,15.31476879,17.98666191,14.57165813,16.26181221,16.76423645,19.71751213,21.33732986,19.96823883,21.57974052,23.37224197,19.71853828,19.75903702,23.07670021,22.81040573,24.77560616,24.17928314,21.67276382,15.88729572,17.21605492,17.64008904,,
Maldives,219,229,249,240,304,334,403,477,774,678,608,587,646,671,702,823,993,933,805,852,826,1039,,
Middle East & North Africa,139.348287,146.3859166,145.7459956,142.7826591,157.8898629,176.2992351,196.1126311,229.1753846,272.4978863,295.5206352,320.2858686,366.433436,386.6740689,404.6948867,425.2431296,411.4893095,458.3283479,463.8310846,484.1802127,471.5621164,479.3488806,524.9635755,,
Mexico,321.801239,366.9807129,388.0279236,414.0400085,448.0602112,485.6738892,516.0639648,560.4942627,576.7153931,496.8142395,539.2655029,570.7304688,587.8284302,631.213501,615.1031494,558.1651001,492.8739929,514.8897095,530.6478272,552.7042236,538.5175171,610.6453247,,
Marshall Islands,370.7370911,332.2007752,311.0274353,306.8759155,381.622345,509.7106628,532.6616211,445.5842896,429.4437256,406.9477234,417.3013611,424.9150696,452.0671387,485.2216797,476.7737427,571.2527466,654.5699463,646.2920532,736.7741699,782.2356567,707.4797974,766.9440918,,
Middle income,62.52315109,62.22779786,60.65047651,67.91340261,78.00074588,91.1582389,104.3937333,124.3794392,147.2941039,154.6076851,178.954481,207.8214416,221.0102612,236.7508968,244.8110803,239.6566849,237.9099544,256.8688004,270.2366723,277.723143,282.0925782,319.5753655,,
North Macedonia,164,151,174,215,232,231,244,263,311,294,302,326,307,346,339,303,323,345,387,421,453,560,,
Mali,14.40365124,13.53196239,16.34092712,19.29068756,22.3169117,24.62482452,27.65656662,30.42856026,34.10325623,35.57579422,32.20446396,32.52751923,28.26848984,30.89883041,36.67969894,29.7465477,28.3053112,29.23488998,31.96352005,32.17400742,28.85294724,40.1202507,,
Malta,647,686,831,1074,1224,1380,1474,1596,1751,1677,1734,1960,1899,2121,2456,2243,2321,2552,2754,2944,3135,3642,,
Myanmar,4,5,7,7,7,8,8,10,15,19,20,27,37,37,54,63,59,59,60,62,72,65,,
Middle East & North Africa (excluding high income),78.95148664,83.61952529,84.65152728,81.6827514,93.85900676,105.5280624,118.314862,143.8201373,176.0919186,196.5277207,218.5063303,247.7353561,256.0950087,245.6654392,245.2988208,235.6497687,261.4230349,255.3711763,267.4938733,247.460043,233.9221451,257.1519952,,
Montenegro,,,,,,,,,,,,572,536,596,579,577,596,612,727,732,866,985,,
Mongolia,26.41833878,25.91971779,29.04701042,26.00562286,32.62977219,37.02750015,49.59525681,66.23542023,97.28814697,76.66015625,99.48032379,136.0482483,169.8409576,180.8419952,177.3183441,165.8491516,169.039856,160.9210815,188.8626556,197.5519562,188.5712433,315.5798035,,
Northern Mariana Islands,,,,,,,,,,,,,,,,,,,,,,,,
Mozambique,6.96425152,8.52990627,9.95218277,11.15465164,14.22916508,18.49229622,18.09505653,19.3034668,24.26328468,27.63411713,26.17583847,30.28253746,35.03115845,41.17826843,43.08488846,39.91206741,31.38208961,36.26471329,40.8117218,40.41284943,34.37060928,44.52215576,,
Mauritania,22.3067379,22.58142662,25.20564651,28.68665123,30.64061928,33.17791367,34.37842178,39.64344025,48.52267838,44.13393021,43.3949852,47.4840889,49.02023697,55.34606934,59.37288666,57.40904617,48.89683914,54.19649506,55.62037659,60.7460022,63.2988472,89.28845215,,
Mauritius,115.9647522,116.4113083,132.3985138,157.6535187,184.6575165,192.0113678,203.0832825,229.0391083,312.6282654,301.4615173,357.0010986,385.7719116,387.2303772,440.102356,544.3952637,515.3724365,539.5122681,594.6273193,641.5615234,670.973999,569.434021,564.9007568,,
Malawi,8.91786003,7.48628187,11.26511002,12.41096115,16.05879211,17.35436821,21.07893753,25.1716423,32.93960953,35.80582047,34.2412796,39.60096741,32.80570221,39.87806702,35.64556885,35.27587891,34.32816696,37.93450165,36.97562408,41.78248596,42.5414238,46.55551147,,
Malaysia,111.9489365,114.839119,121.4125824,141.8682098,153.3985138,161.6295776,199.8557739,229.7582092,262.7799988,244.8389282,285.0263977,343.198761,371.7933044,382.191864,415.6535339,370.7195435,353.6402893,370.7184448,416.3200073,427.4628601,414.963501,487.0088196,,
North America,4285.459344,4603.832079,4994.339693,5398.147429,5739.826569,6097.953695,6484.907614,6845.951895,7065.953945,7283.252689,7560.76013,7763.640722,8001.971828,8138.932141,8468.273667,8791.052761,9104.027874,9399.397409,9750.76703,10088.65177,11131.73329,11439.89894,11818.20533,
Namibia,200.0525818,185.717926,173.6911469,257.4116211,347.8963623,375.3916016,410.3216248,465.0815735,413.3742981,386.2019653,522.1591187,569.1429443,557.5895996,495.1951294,466.1987915,495.6297913,430.2160645,475.5820313,472.9901428,432.1457825,378.4246826,456.4360046,,
New Caledonia,,,,,,,,,,,,,,,,,,,,,,,,
Niger,8.95671749,9.59174156,10.75085354,12.44939899,13.95743465,18.53794861,19.78735733,20.83684349,24.71139526,24.40502357,23.33815765,24.68768311,22.56604767,24.43749619,24.89271736,25.72568893,22.42886543,28.69141388,30.08619118,31.21994209,34.85019302,34.34204865,,
Nigeria,17.65198708,18.48871803,18.06385422,39.0772438,44.16435242,53.92662048,65.7237854,69.15039063,80.09986115,68.00685883,75.58924866,83.10647583,91.06047821,100.817009,106.1196442,96.28328705,78.23602295,72.77430725,65.70272064,69.68148041,69.76184845,83.84061432,,
Nicaragua,52.24892807,56.52495956,56.94697189,60.82196045,65.1476593,72.13689423,77.76139832,92.0919342,107.0682602,110.5292206,115.3239517,122.5347595,130.779007,137.0984192,152.6446991,161.2770081,167.3703613,177.1500092,168.4451294,161.9863434,161.1998138,198.0779266,,
Netherlands,2028,2176,2545,3244,3689,3823,4080,4696,5382,5283,5192,5562,5285,5533,5602,4677,4644,4935,5331,5341,5858,6539,,
Norway,2949,3099,3890,4633,5097,5585,5893,6896,7768,7302,7860,8900,8970,9241,9118,7566,7497,7816,8272,8007,7825,9163,8693,
Nepal,8,10,10,11,13,14,14,17,19,21,30,34,34,35,42,47,47,49,50,53,58,65,,
Nauru,454.4360962,341.1864929,291.1162109,266.0600586,210.4930725,320.3678894,354.2486267,572.7260132,791.199707,563.1657715,614.1340942,659.4338989,859.048645,818.1156006,746.3569946,959.4884644,957.2859497,1092.876343,1175.686768,1158.770874,1318.165039,1529.519165,,
New Zealand,1054.912109,1054.328003,1250.928955,1611.790405,1983.187012,2296.607666,2305.146484,2706.799561,2851.119141,2713.814209,3233.778564,3656.730713,3856.173096,4014.974609,4192.743652,3600.956299,3739.401367,3903.68042,3957.86084,4085.788086,4223.22168,4906.070801,,
OECD members,2147.737901,2220.781984,2401.038896,2725.422306,2997.408132,3161.300107,3334.77691,3620.46504,3877.962607,3921.853384,4051.653268,4346.915823,4353.820728,4373.573075,4492.442181,4328.447291,4456.006545,4602.846256,4819.001196,4907.987326,5311.092895,5653.774405,,
Oman,254.9428406,252.546814,266.526001,282.2885742,298.4816284,319.7104492,335.8521118,391.7960815,462.2916565,507.6517639,558.3665772,540.3850708,562.9465942,590.3643799,725.4089966,765.7853394,713.3201904,703.9379883,639.3248901,728.2548218,855.2967529,852.6234131,,
Other small states,321.7094985,322.8583023,368.2430716,428.7118137,493.2856022,545.3197941,574.0637816,673.9184959,749.1949757,705.9884876,711.6832838,751.1362,735.0216185,781.7702457,818.1830887,762.1238186,799.6775089,863.8486064,927.9384474,938.6776952,990.2381072,1153.16038,,
Pakistan,15.1975832,13.20521545,14.74764633,14.1153574,15.29145527,19.3823719,24.65777779,26.51110458,24.8097496,23.66425133,24.20984077,25.67299652,26.2887764,28.99807739,33.04523849,35.0121994,37.59899521,43.41279984,41.40914154,37.22461319,38.17708206,43.09069443,,
Panama,301.5256348,297.5767212,309.4125366,304.239563,345.2409058,323.750824,371.3395081,472.8953857,507.5638428,551.5872803,608.2467041,665.8464966,725.8637695,806.5855103,920.0765991,982.7939453,1057.406616,1127.688965,1228.073364,1340.137817,1358.090698,1415.244995,,
Peru,83.4623642,89.19979858,97.49507904,97.19953156,105.008255,123.0508881,135.8708801,158.1654358,190.8487701,208.3919373,240.2576141,262.9674072,307.3185425,320.3164978,331.7809143,310.266449,311.4351807,333.1157532,363.4248352,366.5649109,388.4873047,412.2085571,,
Philippines,33,28,27,32,34,47,55,65,77,79,91,98,112,122,109,116,120,122,126,142,166,203,178,
Palau,656.8114624,625.2060547,658.4937134,698.8324585,827.0947876,871.5688477,931.168396,992.5022583,979.430481,1007.31189,1153.060669,1161.530396,1377.391357,1520.320557,1675.826172,1809.500122,1977.638306,2036.630859,2072.97583,2102.074707,2058.661621,2045.297485,,
Papua New Guinea,18.93960762,18.29377747,20.66277122,22.10498047,25.87848282,27.65415382,30.21553993,33.38858795,34.91187286,36.77980042,39.60604477,52.84900284,70.75683594,77.2843399,89.70458221,45.50782776,54.36591339,55.63466263,59.45320129,60.31322479,56.30739212,61.41452789,,
Poland,238,283,316,339,392,466,524,661,893,760,809,866,815,878,911,804,816,910,979,1014,1026,1159,1225,
Pre-demographic dividend,17.24104738,17.23168025,18.14042824,25.45898107,30.47386118,34.79065495,41.33664383,47.9034899,56.42415159,53.12348398,54.74132559,59.88207118,62.77703599,69.28513281,70.66867726,63.53291807,61.0738751,58.85117042,57.55530577,59.19344158,59.64035662,65.26499991,,
Puerto Rico,,,,,,,,,,,,,,,,,,,,,,,,
"Korea, Dem. People's Rep.",,,,,,,,,,,,,,,,,,,,,,,,
Portugal,995,1016,1139,1443,1724,1814,1858,2113,2392,2347,2259,2256,1980,2031,2060,1791,1875,1998,2216,2222,2346,2747,2586,
Paraguay,104.0227356,91.42378998,64.76425171,70.50261688,87.64266968,94.68041992,121.7975082,160.3656006,219.6679535,216.5890198,257.0585632,336.1187439,367.1484985,390.2868652,439.344696,392.2241821,384.4470215,405.5336609,421.0862732,415.888794,410.887146,478.7082825,,
West Bank and Gaza,,,,,,,,,,,,,,,,,,,,,,,,
Pacific island small states,84.30704458,81.19338908,89.2282147,95.04084836,117.8105584,139.8254392,138.4009539,145.8013952,148.161778,143.4725092,148.4211338,162.9919865,173.0609805,178.6178867,187.0919618,180.514181,186.8530986,191.9426262,217.2138503,224.8001083,220.3112532,232.8565704,,
Post-demographic dividend,2474.78389,2563.830002,2779.152992,3163.590722,3481.337842,3670.957818,3875.33877,4202.258006,4498.87799,4577.098093,4730.73104,5089.946143,5107.227653,5127.301031,5282.223689,5113.653924,5282.024894,5461.667446,5735.639314,5856.560685,6369.152951,6833.289278,,
French Polynesia,,,,,,,,,,,,,,,,,,,,,,,,
Qatar,552.274231,597.9369507,667.0024414,1109.725708,1254.14209,1347.960571,1321.562744,1276.881836,1277.082397,1305.490356,1306.525513,1487.852173,1713.980347,2027.014404,2256.388672,2435.445068,2075.419189,1908.396606,1962.58374,2012.225708,1997.788208,1934.0802,,
Romania,70,79,97,144,191,255,291,415,521,449,472,427,402,495,503,442,476,555,687,739,810,963,,
Russian Federation,95,118,140,164,209,272,353,462,610,516,567,684,759,809,740,499,465,580,609,654,771,936,,
Rwanda,9.1193943,7.92787647,7.34832239,17.29731369,20.29362106,25.10174942,27.24308205,33.58434677,40.0471344,44.08419418,48.02530289,51.65081787,57.216465,47.7094574,50.62351608,48.80509567,50.70415497,48.34190369,51.54394531,51.18757629,57.91234207,60.2185936,,
South Asia,17.01183436,18.28442808,18.55635418,20.07945019,22.7484706,24.90723671,27.25269848,33.10864857,34.99475098,35.21560576,41.02874179,43.9053507,44.73497898,50.92603895,52.61255807,54.13748441,56.57378646,55.39094119,56.33127378,58.42458234,61.18916925,70.08467185,,
Saudi Arabia,370.4207459,371.9894714,356.1383972,370.9237976,391.911438,459.8913879,536.687439,560.9076538,562.8531494,646.3370361,655.1174316,826.3400269,959.8308106,1059.094238,1230.845337,1198.336304,1243.941772,1261.165283,1291.128662,1279.690796,1355.716553,1441.998779,,
Sudan,14.61430931,15.85929585,17.47236824,23.6236248,30.63433456,38.71856689,57.64347458,84.978302,85.98817444,83.10632324,76.49365234,83.55038452,79.18972778,102.3559113,93.15203094,98.24565125,93.67060852,71.14331818,35.53091431,35.51281357,23.34439278,21.58010864,,
Senegal,21.99825287,24.10787964,27.20366478,36.11049652,43.03009415,36.86376953,39.08563995,41.32680893,49.78118515,50.8613205,51.81986618,58.30465698,56.95115662,61.02893066,62.2051239,54.20389557,54.93520355,57.67406845,65.77828217,65.75260925,76.77999878,71.22032928,,
Singapore,792.4259644,689.1474609,744.0791626,833.3543701,848.5818481,892.4286499,972.1957398,1100.993164,1278.492188,1316.834961,1487.379028,1670.382202,1824.979248,2069.367432,2188.335205,2279.01709,2450.901367,2599.300049,2641.506348,2826.01001,3367.756592,3969.890869,,
Solomon Islands,47.13489151,61.4104805,77.6619339,54.08104324,65.09461212,89.11562347,87.39896393,88.28649902,74.60315704,92.104599,73.04418945,95.24793243,101.7683563,101.106247,109.27742,94.91165924,96.68874359,94.76846313,92.47520447,103.7242889,106.6113815,106.345871,,
Sierra Leone,17.18489456,18.7846756,22.93144798,21.89597321,22.70127487,26.26749039,29.28122711,30.97717667,36.24853897,37.96392822,36.55500031,47.91463089,50.08378601,81.8790741,138.2906494,114.1648254,81.37689209,45.5368042,43.07834244,46.25284195,46.01692963,43.1619873,,
El Salvador,155.1314545,161.7615204,166.1277618,170.7858276,184.8800507,223.9718475,230.5007629,238.6346588,251.8334198,255.381424,268.6670837,293.3677063,298.7254028,321.8266296,312.8674622,329.4425049,337.2749023,335.7371216,345.0518189,377.0255737,354.4869995,442.2137451,,
San Marino,,2186.570313,2214.669922,2440.293701,2868.361328,2958.655273,3132.234619,3672.22583,4235.848145,4110.07666,3695.150391,4504.630859,4353.614746,4154.929688,4161.486816,3564.852539,3656.284912,3706.970459,4012.654053,3854.095215,3842.773926,4131.941895,,
Somalia,,,,,,,,,,,,,,,,,,,,,,,,
Serbia,56.47926331,112.198082,173.2633972,230.0886536,274.4553223,307.5470581,371.5060425,547.2272339,671.8870239,575.262146,545.3338013,618.8942261,559.9053955,627.53302,608.8585815,491.25177,486.4294434,515.8458862,617.086792,641.0296631,670.194397,919.1679077,,
Sub-Saharan Africa (excluding high income),33.30032917,30.67305887,29.52014759,43.3845159,52.01079845,58.32413639,64.89079913,71.8652442,76.73082467,76.47664737,86.47032277,94.14307998,93.37095853,95.36735445,92.82158295,84.66390132,77.85933261,79.70075442,79.25324317,78.58506078,74.83743552,84.8039669,,
South Sudan,,,,,,,,,,,,,,,,,,27.0063858,30.23945427,34.9889183,47.67607498,32.67995834,,
Sub-Saharan Africa,33.34010135,30.71576352,29.56122663,43.42957516,52.05988096,58.37295854,64.94007556,71.90595742,76.76435387,76.50308602,86.51003129,94.18110613,93.41947581,95.4136981,92.87388676,84.71426849,77.91992756,79.7598191,79.31561028,78.64512995,74.8978169,84.85719213,,
Small states,282.5163763,282.4047752,318.5313925,367.7194698,419.8729955,463.5305282,491.4908026,567.5384213,626.6024743,598.3362773,605.1474108,640.0355621,635.3762002,671.0620298,699.3457926,660.6558159,687.0566971,742.2089805,792.2683532,806.7691306,840.3240889,962.9782532,,
Sao Tome and Principe,56.13910675,53.05221176,57.02854919,78.68141174,79.00400543,89.38618469,66.81880188,69.87314606,77.46207428,76.35579681,74.38393402,84.74559784,86.12266541,124.0971375,118.9305573,84.50744629,109.2252121,116.4938812,108.2802429,106.2677612,158.9619141,186.1039734,,
Suriname,166.0800934,91.58084106,158.4947662,167.7593689,213.9029083,243.1322479,315.470398,310.9735107,336.3182068,382.5604858,402.4092407,378.1517334,409.3456421,438.4119263,445.3576355,517.3849487,341.9154663,325.3764954,450.1607971,611.9544678,464.2226563,298.9328003,,
Slovak Republic,204,212,254,344,512,601,729,1029,1252,1320,1297,1352,1319,1370,1289,1109,1176,1189,1300,1342,1394,1685,,
Slovenia,797,826,945,1203,1369,1449,1542,1796,2179,2125,2017,2148,1975,2055,2062,1776,1835,1925,2170,2219,2417,2775,2608,
Sweden,2173,2156,2459,3110,3488,3548,3765,4310,4628,4136,4416,6351,6254,6697,6606,5599,5681,5838,6005,5653,6003,6901,5980,
Eswatini,77.74626923,76.11361694,75.27822876,132.3904419,177.115921,218.7069702,238.984375,253.8012543,267.7253723,282.3049011,346.7011719,369.3705444,343.8296814,306.5707703,285.0514221,252.6778259,227.801651,267.0704651,266.4542236,274.9450989,222.5315857,279.9143066,,
Sint Maarten (Dutch part),,,,,,,,,,,,,,,,,,,,,,,,
Seychelles,354.0827942,384.1398621,368.2814026,429.4544067,485.7181702,499.6239319,513.2019653,450.6143799,390.2976379,329.6634522,472.4790344,484.1811523,599.8197022,583.3835449,650.0936279,623.9987793,735.5704346,736.6546021,784.7324219,769.7479858,781.5196533,718.4900513,,
Syrian Arab Republic,54.56182098,58.60890198,63.64098358,60.61154175,60.79922104,62.79922867,64.36579895,72.40921021,83.15718079,87.92034149,88.68951416,74.85932159,63.13696671,,,,,,,,,,,
Turks and Caicos Islands,,,,,,,,,,,,,,,,,,,,,,,,
Chad,10.38308048,12.00212383,18.5837326,18.59137535,28.63477135,32.28604889,34.9785614,35.18187714,38.15471268,36.02885056,36.498703,38.68487549,37.49700546,39.97917175,43.6758728,35.03440857,33.10380936,31.06099701,32.30886459,31.30481529,35.72977829,35.63117981,,
East Asia & Pacific (IDA & IBRD countries),38.55376921,39.69551077,44.25912882,50.54744179,56.8502657,65.30212378,74.89230594,89.55790751,116.9900961,138.9685002,160.8977793,200.951909,234.2451776,264.6871516,288.2643653,308.1135439,313.4021956,343.635342,389.5205776,415.7355509,447.3528938,515.0743292,,
Europe & Central Asia (IDA & IBRD countries),105.9952412,114.7590074,134.29456,162.781804,203.3609949,253.4479743,304.789221,387.1342386,487.8200495,421.2375749,455.5245154,506.9056873,532.253496,566.7599801,536.7609209,417.8003817,407.3879898,456.3197136,475.3340286,502.0406109,553.8577775,658.0845189,,
Togo,11.22799778,11.21350384,12.65094852,15.46995354,16.90148544,17.79439926,18.60928154,22.96606827,27.6753788,29.0416832,31.36204338,35.2552681,36.26974869,40.56192398,43.02396011,37.41205215,51.94157028,52.88779449,53.81824493,50.15758133,54.17138672,54.14671707,,
Thailand,62.15243912,57.19501495,69.73505402,76.2408905,83.09568024,90.88136292,103.6475601,125.625824,149.7132263,150.3565521,169.3820038,192.5660706,202.520874,208.6084442,214.5243378,219.9191132,230.6077423,247.9945374,275.6711121,289.1782837,305.0879211,364.3696899,,
Tajikistan,6,8,8,11,15,17,20,29,41,39,42,49,57,68,74,64,56,58,60,62,70,73,,
Turkmenistan,75.74879456,121.8975067,130.0096741,204.3362274,311.5487366,335.8794556,363.3126526,273.2519531,247.2456665,187.767273,214.1880188,267.0141907,307.661377,363.1092224,422.5318909,390.9945068,408.1997681,461.3667908,457.069458,488.6238403,483.7955933,565.2592773,,
Latin America & the Caribbean (IDA & IBRD countries),283.481508,275.2324955,235.9032836,246.692416,280.6580165,337.7536983,393.3031178,466.9384967,537.3946122,531.3388624,634.7882963,721.8642102,723.1947416,754.3079892,755.8878935,671.4733152,642.3531053,728.3075232,667.7448452,649.2692146,585.8551867,654.3725944,,
Timor-Leste,,,,15.0262661,19.86405373,25.16798592,27.39763641,30.08575439,43.2732811,49.87024689,52.4311409,64.27597809,71.29358673,102.5452957,92.87577057,101.4206314,92.97782898,86.74957275,78.94738007,79.26290131,120.8697434,134.9980011,,
Middle East & North Africa (IDA & IBRD countries),78.95148664,83.61952529,84.65152728,81.6827514,93.85900676,105.5280624,118.314862,143.8201373,176.0919186,196.5277207,218.5063303,247.7353561,256.0950087,245.6654392,245.2988208,235.6497687,261.4230349,255.3711763,267.4938733,247.460043,233.9221451,257.1519952,,
Tonga,53.43399048,55.31956482,62.69612503,68.08676147,102.7355728,108.3314667,149.3160706,134.6738434,191.0229187,117.4822693,166.6062164,155.8877106,207.0079651,163.8098145,202.6357727,169.9488831,191.9367218,212.5710297,219.2879334,229.9441071,246.840271,279.2460327,,
South Asia (IDA & IBRD),17.01183436,18.28442808,18.55635418,20.07945019,22.7484706,24.90723671,27.25269848,33.10864857,34.99475098,35.21560576,41.02874179,43.9053507,44.73497898,50.92603895,52.61255807,54.13748441,56.57378646,55.39094119,56.33127378,58.42458234,61.18916925,70.08467185,,
Sub-Saharan Africa (IDA & IBRD countries),33.34010135,30.71576352,29.56122663,43.42957516,52.05988096,58.37295854,64.94007556,71.90595742,76.76435387,76.50308602,86.51003129,94.18110613,93.41947581,95.4136981,92.87388676,84.71426849,77.91992756,79.7598191,79.31561028,78.64512995,74.8978169,84.85719213,,
Trinidad and Tobago,263.6797485,270.0798035,321.0062256,354.6638489,426.3678284,523.7509155,561.199585,657.9640503,740.3667603,764.3539429,811.3280029,857.5723267,878.4552612,951.9816284,990.2513428,1039.057495,1041.016235,1058.943115,1055.903564,1071.89624,1045.729004,1125.397339,,
Tunisia,109.5732346,112.5737076,123.1268616,147.1495972,165.2270203,167.6730957,176.4864807,199.6681366,227.5287628,228.4881897,237.9020844,267.0809937,266.3058472,280.6422119,283.7175293,246.107544,237.1728363,220.8087006,212.394165,209.5261231,246.5980835,265.4648438,,
Turkiye,197,152,184,236,296,361,412,506,564,494,533,526,520,547,520,447,460,437,388,397,395,441,,
Tuvalu,349.9498291,268.1976013,217.8283386,289.5688477,230.171051,244.1253967,294.7955627,294.8903503,314.0023193,330.9241028,476.2854919,516.6014404,492.8399353,507.157196,522.539978,457.8132629,714.2407837,1014.10553,820.4006958,1109.266479,879.4911499,1070.95752,,
Tanzania,12.25793076,15.08091736,16.92565536,20.26038742,23.29498863,27.53238869,35.36390686,35.99416351,36.01263428,33.38547516,36.89682007,37.43364334,41.63511276,43.09357452,39.47782898,32.90985107,36.26340103,38.65550995,40.83135605,39.5618248,31.39298439,37.15989685,,
Uganda,16.41194344,15.98436737,15.7368412,14.2323103,18.61294365,25.88375473,31.62604523,36.13018799,40.08214951,44.42161942,51.96447372,55.3051796,55.14218903,53.0015564,51.04053879,40.15630341,39.13254166,31.47759247,32.99159622,33.40487289,36.87842941,43.44807434,,
Ukraine,35,45,53,69,85,116,148,186,216,169,203,244,276,281,213,158,157,187,221,247,270,368,,
Upper middle income,98.5247031,97.33368774,94.62399197,105.9076091,122.7660971,145.2149072,167.4873154,201.0958844,241.6254665,256.5037728,300.074207,353.5195152,377.8708197,404.4906442,419.6698727,410.225713,408.2291539,450.13514,477.0764799,489.9907837,498.4509119,566.8314863,,
Uruguay,693.6792603,673.9299316,432.8007507,380.1933899,372.4612732,441.0013428,495.7160034,572.524353,803.4422607,817.642273,1032.657959,1232.046265,1332.751221,1500.727173,1480.019897,1410.321533,1454.547119,1655.832397,1697.014526,1677.0979,1427.140259,1620.326416,,
United States,4533.826172,4881.20752,5304.52002,5708.551758,6047.818359,6404.186035,6779.227539,7132.446777,7347.45459,7602.745605,7833.044922,8021.593262,8274.37207,8433.698242,8828.476563,9248.93457,9599.890625,9902.818359,10280.52637,10658.39746,11758.4248,12012.24121,12473.79102,
Uzbekistan,35,30,24,25,28,32,38,46,61,71,92,109,127,140,118,132,129,93,82,99,121,157,,
St. Vincent and the Grenadines,149.5702057,162.7335968,175.3211517,178.1896515,188.8163147,198.3499756,210.9427643,245.8889008,257.7953186,266.2264404,283.5976868,277.7983704,300.5845642,301.9335632,301.0755615,303.9425354,314.8049011,338.2626953,357.3264771,369.3736267,402.059845,448.3102112,,
"Venezuela, RB",,,,,,,,,,,,,,,,,,,165.3209534,113.2855072,152.7583008,160.0984039,,
British Virgin Islands,,,,,,,,,,,,,,,,,,,,,,,,
Virgin Islands (U.S.),,,,,,,,,,,,,,,,,,,,,,,,
Viet Nam,20.57923889,24.96311378,21.37000656,24.29984856,31.21098709,38.00711441,45.87312698,53.68240356,64.11656189,69.80870819,85.4039917,97.18331909,109.5506668,104.4619141,120.0268784,122.2721329,134.4454804,149.3087921,164.236496,173.6494904,154.2351074,172.5529785,,
Vanuatu,46.8312645,44.34126282,50.72472382,53.21016693,60.82519913,59.98478699,65.47128296,70.28305054,79.23954773,80.40415955,96.36509705,110.2756882,114.3826065,126.3875351,104.3391724,114.2602081,80.8219223,83.77519226,102.075119,101.974411,116.5592575,133.1509247,,
World,475.1512277,487.2246268,517.6081636,582.0205726,639.6576444,678.4907776,719.816171,787.4376242,853.4604808,863.4483598,900.2925041,974.2421205,982.4590553,996.9595816,1020.433733,978.8681739,1001.536118,1038.89381,1081.429777,1099.282354,1174.450165,1260.357867,,
Samoa,59.69736862,55.38201141,71.57524872,81.08128357,103.4133148,120.1828232,132.2424927,146.5087891,155.5196533,170.9687195,183.8677216,210.1192322,195.3987427,245.2074585,245.9445648,238.0906982,235.7302094,218.3733673,198.3481598,240.101059,252.8403473,263.8859558,,
Kosovo,,,,,,,,,,,,,,,,,,,,,,,,
"Yemen, Rep.",24.13679314,25.45506668,26.28294373,33.58860016,36.898983,40.90756226,48.03204346,55.67542648,66.46580505,62.60401154,64.44327545,61.27024841,70.12895966,74.30075836,75.41601563,63.30020905,,,,,,,,
South Africa,237.8283234,204.2581482,180.861557,288.3763123,365.5348816,404.3996887,422.1888428,460.0228882,446.9043579,492.9426575,628.1286011,694.1005859,654.2546997,602.6763916,547.8344116,499.3633423,463.344635,536.7772217,570.0977783,551.4352417,492.2072449,583.6710815,,
Zambia,15.19319344,19.4038105,23.50069427,27.11714554,30.49891281,45.59496307,59.4561615,51.91783524,62.25917435,59.36890793,58.39817047,65.0934906,69.96878815,84.19036102,66.04714203,57.92047501,55.87984467,71.52032471,70.36667633,85.64040375,60.4353447,75.3394928,,
Zimbabwe,,,,,,,,,,,98.24945831,87.49465179,89.26095581,100.1369324,114.4442978,105.0980301,106.1896973,92.25428772,114.6329498,54.80850601,50.67650986,62.73724365,,
